Bundesland;Schulabschlüsse;Geschlecht;Jahr;Wert
Baden-Württemberg;Ohne Hauptschulabschluss;männlich;2013;3539
Baden-Württemberg;Ohne Hauptschulabschluss;weiblich;2013;2329
Baden-Württemberg;Ohne Hauptschulabschluss;männlich;2014;3593
Baden-Württemberg;Ohne Hauptschulabschluss;weiblich;2014;2175
Baden-Württemberg;Ohne Hauptschulabschluss;männlich;2015;3712
Baden-Württemberg;Ohne Hauptschulabschluss;weiblich;2015;2413
Baden-Württemberg;Ohne Hauptschulabschluss;männlich;2016;4626
Baden-Württemberg;Ohne Hauptschulabschluss;weiblich;2016;2813
Baden-Württemberg;Ohne Hauptschulabschluss;männlich;2017;4289
Baden-Württemberg;Ohne Hauptschulabschluss;weiblich;2017;2662
Baden-Württemberg;Ohne Hauptschulabschluss;männlich;2018;3935
Baden-Württemberg;Ohne Hauptschulabschluss;weiblich;2018;2346
Baden-Württemberg;Ohne Hauptschulabschluss;männlich;2019;3484
Baden-Württemberg;Ohne Hauptschulabschluss;weiblich;2019;2128
Baden-Württemberg;Ohne Hauptschulabschluss;männlich;2020;3860
Baden-Württemberg;Ohne Hauptschulabschluss;weiblich;2020;2349
Baden-Württemberg;Ohne Hauptschulabschluss;männlich;2021;4240
Baden-Württemberg;Ohne Hauptschulabschluss;weiblich;2021;2679
Baden-Württemberg;Ohne Hauptschulabschluss;männlich;2022;4202
Baden-Württemberg;Ohne Hauptschulabschluss;weiblich;2022;2718
Baden-Württemberg;Hauptschulabschluss;männlich;2013;13031
Baden-Württemberg;Hauptschulabschluss;weiblich;2013;9642
Baden-Württemberg;Hauptschulabschluss;männlich;2014;12936
Baden-Württemberg;Hauptschulabschluss;weiblich;2014;9269
Baden-Württemberg;Hauptschulabschluss;männlich;2015;12668
Baden-Württemberg;Hauptschulabschluss;weiblich;2015;9190
Baden-Württemberg;Hauptschulabschluss;männlich;2016;10329
Baden-Württemberg;Hauptschulabschluss;weiblich;2016;7324
Baden-Württemberg;Hauptschulabschluss;männlich;2017;10511
Baden-Württemberg;Hauptschulabschluss;weiblich;2017;6982
Baden-Württemberg;Hauptschulabschluss;männlich;2018;10401
Baden-Württemberg;Hauptschulabschluss;weiblich;2018;6690
Baden-Württemberg;Hauptschulabschluss;männlich;2019;10433
Baden-Württemberg;Hauptschulabschluss;weiblich;2019;7016
Baden-Württemberg;Hauptschulabschluss;männlich;2020;9812
Baden-Württemberg;Hauptschulabschluss;weiblich;2020;6383
Baden-Württemberg;Hauptschulabschluss;männlich;2021;9648
Baden-Württemberg;Hauptschulabschluss;weiblich;2021;6529
Baden-Württemberg;Hauptschulabschluss;männlich;2022;9566
Baden-Württemberg;Hauptschulabschluss;weiblich;2022;6529
Baden-Württemberg;Mittlerer Schulabschluss;männlich;2013;29439
Baden-Württemberg;Mittlerer Schulabschluss;weiblich;2013;27797
Baden-Württemberg;Mittlerer Schulabschluss;männlich;2014;29340
Baden-Württemberg;Mittlerer Schulabschluss;weiblich;2014;27950
Baden-Württemberg;Mittlerer Schulabschluss;männlich;2015;29055
Baden-Württemberg;Mittlerer Schulabschluss;weiblich;2015;27075
Baden-Württemberg;Mittlerer Schulabschluss;männlich;2016;27725
Baden-Württemberg;Mittlerer Schulabschluss;weiblich;2016;26090
Baden-Württemberg;Mittlerer Schulabschluss;männlich;2017;26594
Baden-Württemberg;Mittlerer Schulabschluss;weiblich;2017;24008
Baden-Württemberg;Mittlerer Schulabschluss;männlich;2018;26049
Baden-Württemberg;Mittlerer Schulabschluss;weiblich;2018;24718
Baden-Württemberg;Mittlerer Schulabschluss;männlich;2019;26254
Baden-Württemberg;Mittlerer Schulabschluss;weiblich;2019;24413
Baden-Württemberg;Mittlerer Schulabschluss;männlich;2020;24771
Baden-Württemberg;Mittlerer Schulabschluss;weiblich;2020;23688
Baden-Württemberg;Mittlerer Schulabschluss;männlich;2021;24170
Baden-Württemberg;Mittlerer Schulabschluss;weiblich;2021;23162
Baden-Württemberg;Mittlerer Schulabschluss;männlich;2022;24839
Baden-Württemberg;Mittlerer Schulabschluss;weiblich;2022;23626
Baden-Württemberg;Fachhochschulreife;männlich;2013;135
Baden-Württemberg;Fachhochschulreife;weiblich;2013;153
Baden-Württemberg;Fachhochschulreife;männlich;2014;147
Baden-Württemberg;Fachhochschulreife;weiblich;2014;198
Baden-Württemberg;Fachhochschulreife;männlich;2015;169
Baden-Württemberg;Fachhochschulreife;weiblich;2015;193
Baden-Württemberg;Fachhochschulreife;männlich;2016;176
Baden-Württemberg;Fachhochschulreife;weiblich;2016;179
Baden-Württemberg;Fachhochschulreife;männlich;2017;152
Baden-Württemberg;Fachhochschulreife;weiblich;2017;198
Baden-Württemberg;Fachhochschulreife;männlich;2018;184
Baden-Württemberg;Fachhochschulreife;weiblich;2018;204
Baden-Württemberg;Fachhochschulreife;männlich;2019;196
Baden-Württemberg;Fachhochschulreife;weiblich;2019;193
Baden-Württemberg;Fachhochschulreife;männlich;2020;194
Baden-Württemberg;Fachhochschulreife;weiblich;2020;194
Baden-Württemberg;Fachhochschulreife;männlich;2021;187
Baden-Württemberg;Fachhochschulreife;weiblich;2021;190
Baden-Württemberg;Fachhochschulreife;männlich;2022;177
Baden-Württemberg;Fachhochschulreife;weiblich;2022;176
Baden-Württemberg;Allgemeine Hochschulreife;männlich;2013;15324
Baden-Württemberg;Allgemeine Hochschulreife;weiblich;2013;18207
Baden-Württemberg;Allgemeine Hochschulreife;männlich;2014;16348
Baden-Württemberg;Allgemeine Hochschulreife;weiblich;2014;18780
Baden-Württemberg;Allgemeine Hochschulreife;männlich;2015;15935
Baden-Württemberg;Allgemeine Hochschulreife;weiblich;2015;18696
Baden-Württemberg;Allgemeine Hochschulreife;männlich;2016;15870
Baden-Württemberg;Allgemeine Hochschulreife;weiblich;2016;18083
Baden-Württemberg;Allgemeine Hochschulreife;männlich;2017;15315
Baden-Württemberg;Allgemeine Hochschulreife;weiblich;2017;17794
Baden-Württemberg;Allgemeine Hochschulreife;männlich;2018;14405
Baden-Württemberg;Allgemeine Hochschulreife;weiblich;2018;17448
Baden-Württemberg;Allgemeine Hochschulreife;männlich;2019;13414
Baden-Württemberg;Allgemeine Hochschulreife;weiblich;2019;16129
Baden-Württemberg;Allgemeine Hochschulreife;männlich;2020;12939
Baden-Württemberg;Allgemeine Hochschulreife;weiblich;2020;15506
Baden-Württemberg;Allgemeine Hochschulreife;männlich;2021;13088
Baden-Württemberg;Allgemeine Hochschulreife;weiblich;2021;16293
Baden-Württemberg;Allgemeine Hochschulreife;männlich;2022;12998
Baden-Württemberg;Allgemeine Hochschulreife;weiblich;2022;15634
Bayern;Ohne Hauptschulabschluss;männlich;2013;3586
Bayern;Ohne Hauptschulabschluss;weiblich;2013;2306
Bayern;Ohne Hauptschulabschluss;männlich;2014;4052
Bayern;Ohne Hauptschulabschluss;weiblich;2014;2207
Bayern;Ohne Hauptschulabschluss;männlich;2015;4607
Bayern;Ohne Hauptschulabschluss;weiblich;2015;2426
Bayern;Ohne Hauptschulabschluss;männlich;2016;4935
Bayern;Ohne Hauptschulabschluss;weiblich;2016;2561
Bayern;Ohne Hauptschulabschluss;männlich;2017;4799
Bayern;Ohne Hauptschulabschluss;weiblich;2017;2615
Bayern;Ohne Hauptschulabschluss;männlich;2018;4450
Bayern;Ohne Hauptschulabschluss;weiblich;2018;2524
Bayern;Ohne Hauptschulabschluss;männlich;2019;3690
Bayern;Ohne Hauptschulabschluss;weiblich;2019;2274
Bayern;Ohne Hauptschulabschluss;männlich;2020;3914
Bayern;Ohne Hauptschulabschluss;weiblich;2020;2240
Bayern;Ohne Hauptschulabschluss;männlich;2021;3901
Bayern;Ohne Hauptschulabschluss;weiblich;2021;2304
Bayern;Ohne Hauptschulabschluss;männlich;2022;4003
Bayern;Ohne Hauptschulabschluss;weiblich;2022;2471
Bayern;Hauptschulabschluss;männlich;2013;17925
Bayern;Hauptschulabschluss;weiblich;2013;12386
Bayern;Hauptschulabschluss;männlich;2014;17480
Bayern;Hauptschulabschluss;weiblich;2014;11676
Bayern;Hauptschulabschluss;männlich;2015;17127
Bayern;Hauptschulabschluss;weiblich;2015;11602
Bayern;Hauptschulabschluss;männlich;2016;16110
Bayern;Hauptschulabschluss;weiblich;2016;10749
Bayern;Hauptschulabschluss;männlich;2017;17045
Bayern;Hauptschulabschluss;weiblich;2017;10838
Bayern;Hauptschulabschluss;männlich;2018;16000
Bayern;Hauptschulabschluss;weiblich;2018;10808
Bayern;Hauptschulabschluss;männlich;2019;14617
Bayern;Hauptschulabschluss;weiblich;2019;9602
Bayern;Hauptschulabschluss;männlich;2020;13726
Bayern;Hauptschulabschluss;weiblich;2020;9191
Bayern;Hauptschulabschluss;männlich;2021;15089
Bayern;Hauptschulabschluss;weiblich;2021;10263
Bayern;Hauptschulabschluss;männlich;2022;15621
Bayern;Hauptschulabschluss;weiblich;2022;11082
Bayern;Mittlerer Schulabschluss;männlich;2013;30754
Bayern;Mittlerer Schulabschluss;weiblich;2013;32091
Bayern;Mittlerer Schulabschluss;männlich;2014;30590
Bayern;Mittlerer Schulabschluss;weiblich;2014;31568
Bayern;Mittlerer Schulabschluss;männlich;2015;32191
Bayern;Mittlerer Schulabschluss;weiblich;2015;33214
Bayern;Mittlerer Schulabschluss;männlich;2016;31337
Bayern;Mittlerer Schulabschluss;weiblich;2016;31314
Bayern;Mittlerer Schulabschluss;männlich;2017;30131
Bayern;Mittlerer Schulabschluss;weiblich;2017;30334
Bayern;Mittlerer Schulabschluss;männlich;2018;29189
Bayern;Mittlerer Schulabschluss;weiblich;2018;29887
Bayern;Mittlerer Schulabschluss;männlich;2019;27884
Bayern;Mittlerer Schulabschluss;weiblich;2019;28862
Bayern;Mittlerer Schulabschluss;männlich;2020;28059
Bayern;Mittlerer Schulabschluss;weiblich;2020;28467
Bayern;Mittlerer Schulabschluss;männlich;2021;28199
Bayern;Mittlerer Schulabschluss;weiblich;2021;28616
Bayern;Mittlerer Schulabschluss;männlich;2022;28165
Bayern;Mittlerer Schulabschluss;weiblich;2022;28282
Bayern;Fachhochschulreife;männlich;2013;3
Bayern;Fachhochschulreife;weiblich;2013;2
Bayern;Fachhochschulreife;männlich;2014;5
Bayern;Fachhochschulreife;weiblich;2014;2
Bayern;Fachhochschulreife;männlich;2015;3
Bayern;Fachhochschulreife;weiblich;2015;1
Bayern;Fachhochschulreife;männlich;2016;-
Bayern;Fachhochschulreife;weiblich;2016;-
Bayern;Fachhochschulreife;männlich;2017;-
Bayern;Fachhochschulreife;weiblich;2017;-
Bayern;Fachhochschulreife;männlich;2018;-
Bayern;Fachhochschulreife;weiblich;2018;-
Bayern;Fachhochschulreife;männlich;2019;-
Bayern;Fachhochschulreife;weiblich;2019;-
Bayern;Fachhochschulreife;männlich;2020;-
Bayern;Fachhochschulreife;weiblich;2020;-
Bayern;Fachhochschulreife;männlich;2021;-
Bayern;Fachhochschulreife;weiblich;2021;-
Bayern;Fachhochschulreife;männlich;2022;-
Bayern;Fachhochschulreife;weiblich;2022;-
Bayern;Allgemeine Hochschulreife;männlich;2013;17375
Bayern;Allgemeine Hochschulreife;weiblich;2013;20221
Bayern;Allgemeine Hochschulreife;männlich;2014;17857
Bayern;Allgemeine Hochschulreife;weiblich;2014;20920
Bayern;Allgemeine Hochschulreife;männlich;2015;17955
Bayern;Allgemeine Hochschulreife;weiblich;2015;21030
Bayern;Allgemeine Hochschulreife;männlich;2016;18112
Bayern;Allgemeine Hochschulreife;weiblich;2016;20959
Bayern;Allgemeine Hochschulreife;männlich;2017;17523
Bayern;Allgemeine Hochschulreife;weiblich;2017;20908
Bayern;Allgemeine Hochschulreife;männlich;2018;16830
Bayern;Allgemeine Hochschulreife;weiblich;2018;20107
Bayern;Allgemeine Hochschulreife;männlich;2019;15285
Bayern;Allgemeine Hochschulreife;weiblich;2019;18347
Bayern;Allgemeine Hochschulreife;männlich;2020;15846
Bayern;Allgemeine Hochschulreife;weiblich;2020;18995
Bayern;Allgemeine Hochschulreife;männlich;2021;15161
Bayern;Allgemeine Hochschulreife;weiblich;2021;18282
Bayern;Allgemeine Hochschulreife;männlich;2022;14882
Bayern;Allgemeine Hochschulreife;weiblich;2022;17857
Berlin;Ohne Hauptschulabschluss;männlich;2013;1398
Berlin;Ohne Hauptschulabschluss;weiblich;2013;1032
Berlin;Ohne Hauptschulabschluss;männlich;2014;1812
Berlin;Ohne Hauptschulabschluss;weiblich;2014;1197
Berlin;Ohne Hauptschulabschluss;männlich;2015;1493
Berlin;Ohne Hauptschulabschluss;weiblich;2015;997
Berlin;Ohne Hauptschulabschluss;männlich;2016;1721
Berlin;Ohne Hauptschulabschluss;weiblich;2016;1262
Berlin;Ohne Hauptschulabschluss;männlich;2017;1780
Berlin;Ohne Hauptschulabschluss;weiblich;2017;1175
Berlin;Ohne Hauptschulabschluss;männlich;2018;1621
Berlin;Ohne Hauptschulabschluss;weiblich;2018;1078
Berlin;Ohne Hauptschulabschluss;männlich;2019;1247
Berlin;Ohne Hauptschulabschluss;weiblich;2019;790
Berlin;Ohne Hauptschulabschluss;männlich;2020;1221
Berlin;Ohne Hauptschulabschluss;weiblich;2020;779
Berlin;Ohne Hauptschulabschluss;männlich;2021;1244
Berlin;Ohne Hauptschulabschluss;weiblich;2021;854
Berlin;Ohne Hauptschulabschluss;männlich;2022;1432
Berlin;Ohne Hauptschulabschluss;weiblich;2022;1103
Berlin;Hauptschulabschluss;männlich;2013;2841
Berlin;Hauptschulabschluss;weiblich;2013;2249
Berlin;Hauptschulabschluss;männlich;2014;2862
Berlin;Hauptschulabschluss;weiblich;2014;2324
Berlin;Hauptschulabschluss;männlich;2015;2575
Berlin;Hauptschulabschluss;weiblich;2015;1970
Berlin;Hauptschulabschluss;männlich;2016;2522
Berlin;Hauptschulabschluss;weiblich;2016;2043
Berlin;Hauptschulabschluss;männlich;2017;2486
Berlin;Hauptschulabschluss;weiblich;2017;2048
Berlin;Hauptschulabschluss;männlich;2018;2774
Berlin;Hauptschulabschluss;weiblich;2018;2092
Berlin;Hauptschulabschluss;männlich;2019;2589
Berlin;Hauptschulabschluss;weiblich;2019;1713
Berlin;Hauptschulabschluss;männlich;2020;2452
Berlin;Hauptschulabschluss;weiblich;2020;1750
Berlin;Hauptschulabschluss;männlich;2021;2406
Berlin;Hauptschulabschluss;weiblich;2021;1717
Berlin;Hauptschulabschluss;männlich;2022;2938
Berlin;Hauptschulabschluss;weiblich;2022;2319
Berlin;Mittlerer Schulabschluss;männlich;2013;5368
Berlin;Mittlerer Schulabschluss;weiblich;2013;4789
Berlin;Mittlerer Schulabschluss;männlich;2014;5562
Berlin;Mittlerer Schulabschluss;weiblich;2014;4836
Berlin;Mittlerer Schulabschluss;männlich;2015;5249
Berlin;Mittlerer Schulabschluss;weiblich;2015;4644
Berlin;Mittlerer Schulabschluss;männlich;2016;5320
Berlin;Mittlerer Schulabschluss;weiblich;2016;4466
Berlin;Mittlerer Schulabschluss;männlich;2017;5111
Berlin;Mittlerer Schulabschluss;weiblich;2017;4309
Berlin;Mittlerer Schulabschluss;männlich;2018;5394
Berlin;Mittlerer Schulabschluss;weiblich;2018;4692
Berlin;Mittlerer Schulabschluss;männlich;2019;5710
Berlin;Mittlerer Schulabschluss;weiblich;2019;4985
Berlin;Mittlerer Schulabschluss;männlich;2020;6202
Berlin;Mittlerer Schulabschluss;weiblich;2020;5477
Berlin;Mittlerer Schulabschluss;männlich;2021;5760
Berlin;Mittlerer Schulabschluss;weiblich;2021;5195
Berlin;Mittlerer Schulabschluss;männlich;2022;5670
Berlin;Mittlerer Schulabschluss;weiblich;2022;4972
Berlin;Fachhochschulreife;männlich;2013;-
Berlin;Fachhochschulreife;weiblich;2013;-
Berlin;Fachhochschulreife;männlich;2014;2
Berlin;Fachhochschulreife;weiblich;2014;-
Berlin;Fachhochschulreife;männlich;2015;-
Berlin;Fachhochschulreife;weiblich;2015;-
Berlin;Fachhochschulreife;männlich;2016;-
Berlin;Fachhochschulreife;weiblich;2016;-
Berlin;Fachhochschulreife;männlich;2017;-
Berlin;Fachhochschulreife;weiblich;2017;-
Berlin;Fachhochschulreife;männlich;2018;-
Berlin;Fachhochschulreife;weiblich;2018;-
Berlin;Fachhochschulreife;männlich;2019;-
Berlin;Fachhochschulreife;weiblich;2019;-
Berlin;Fachhochschulreife;männlich;2020;-
Berlin;Fachhochschulreife;weiblich;2020;-
Berlin;Fachhochschulreife;männlich;2021;-
Berlin;Fachhochschulreife;weiblich;2021;-
Berlin;Fachhochschulreife;männlich;2022;1
Berlin;Fachhochschulreife;weiblich;2022;1
Berlin;Allgemeine Hochschulreife;männlich;2013;5618
Berlin;Allgemeine Hochschulreife;weiblich;2013;6718
Berlin;Allgemeine Hochschulreife;männlich;2014;5780
Berlin;Allgemeine Hochschulreife;weiblich;2014;6965
Berlin;Allgemeine Hochschulreife;männlich;2015;6550
Berlin;Allgemeine Hochschulreife;weiblich;2015;7555
Berlin;Allgemeine Hochschulreife;männlich;2016;7028
Berlin;Allgemeine Hochschulreife;weiblich;2016;8087
Berlin;Allgemeine Hochschulreife;männlich;2017;6485
Berlin;Allgemeine Hochschulreife;weiblich;2017;7500
Berlin;Allgemeine Hochschulreife;männlich;2018;6268
Berlin;Allgemeine Hochschulreife;weiblich;2018;7397
Berlin;Allgemeine Hochschulreife;männlich;2019;6243
Berlin;Allgemeine Hochschulreife;weiblich;2019;7460
Berlin;Allgemeine Hochschulreife;männlich;2020;6347
Berlin;Allgemeine Hochschulreife;weiblich;2020;7335
Berlin;Allgemeine Hochschulreife;männlich;2021;6410
Berlin;Allgemeine Hochschulreife;weiblich;2021;7507
Berlin;Allgemeine Hochschulreife;männlich;2022;6705
Berlin;Allgemeine Hochschulreife;weiblich;2022;7553
Brandenburg;Ohne Hauptschulabschluss;männlich;2013;908
Brandenburg;Ohne Hauptschulabschluss;weiblich;2013;554
Brandenburg;Ohne Hauptschulabschluss;männlich;2014;961
Brandenburg;Ohne Hauptschulabschluss;weiblich;2014;595
Brandenburg;Ohne Hauptschulabschluss;männlich;2015;965
Brandenburg;Ohne Hauptschulabschluss;weiblich;2015;558
Brandenburg;Ohne Hauptschulabschluss;männlich;2016;1010
Brandenburg;Ohne Hauptschulabschluss;weiblich;2016;554
Brandenburg;Ohne Hauptschulabschluss;männlich;2017;1020
Brandenburg;Ohne Hauptschulabschluss;weiblich;2017;608
Brandenburg;Ohne Hauptschulabschluss;männlich;2018;996
Brandenburg;Ohne Hauptschulabschluss;weiblich;2018;583
Brandenburg;Ohne Hauptschulabschluss;männlich;2019;711
Brandenburg;Ohne Hauptschulabschluss;weiblich;2019;423
Brandenburg;Ohne Hauptschulabschluss;männlich;2020;846
Brandenburg;Ohne Hauptschulabschluss;weiblich;2020;544
Brandenburg;Ohne Hauptschulabschluss;männlich;2021;993
Brandenburg;Ohne Hauptschulabschluss;weiblich;2021;556
Brandenburg;Ohne Hauptschulabschluss;männlich;2022;1061
Brandenburg;Ohne Hauptschulabschluss;weiblich;2022;649
Brandenburg;Hauptschulabschluss;männlich;2013;1647
Brandenburg;Hauptschulabschluss;weiblich;2013;1006
Brandenburg;Hauptschulabschluss;männlich;2014;1692
Brandenburg;Hauptschulabschluss;weiblich;2014;1141
Brandenburg;Hauptschulabschluss;männlich;2015;1778
Brandenburg;Hauptschulabschluss;weiblich;2015;1113
Brandenburg;Hauptschulabschluss;männlich;2016;1729
Brandenburg;Hauptschulabschluss;weiblich;2016;1068
Brandenburg;Hauptschulabschluss;männlich;2017;1769
Brandenburg;Hauptschulabschluss;weiblich;2017;1052
Brandenburg;Hauptschulabschluss;männlich;2018;1841
Brandenburg;Hauptschulabschluss;weiblich;2018;1037
Brandenburg;Hauptschulabschluss;männlich;2019;1933
Brandenburg;Hauptschulabschluss;weiblich;2019;1124
Brandenburg;Hauptschulabschluss;männlich;2020;2125
Brandenburg;Hauptschulabschluss;weiblich;2020;1239
Brandenburg;Hauptschulabschluss;männlich;2021;1674
Brandenburg;Hauptschulabschluss;weiblich;2021;1159
Brandenburg;Hauptschulabschluss;männlich;2022;1826
Brandenburg;Hauptschulabschluss;weiblich;2022;1217
Brandenburg;Mittlerer Schulabschluss;männlich;2013;3920
Brandenburg;Mittlerer Schulabschluss;weiblich;2013;3630
Brandenburg;Mittlerer Schulabschluss;männlich;2014;4678
Brandenburg;Mittlerer Schulabschluss;weiblich;2014;4260
Brandenburg;Mittlerer Schulabschluss;männlich;2015;4532
Brandenburg;Mittlerer Schulabschluss;weiblich;2015;4105
Brandenburg;Mittlerer Schulabschluss;männlich;2016;4171
Brandenburg;Mittlerer Schulabschluss;weiblich;2016;3886
Brandenburg;Mittlerer Schulabschluss;männlich;2017;4446
Brandenburg;Mittlerer Schulabschluss;weiblich;2017;3954
Brandenburg;Mittlerer Schulabschluss;männlich;2018;4349
Brandenburg;Mittlerer Schulabschluss;weiblich;2018;3864
Brandenburg;Mittlerer Schulabschluss;männlich;2019;4412
Brandenburg;Mittlerer Schulabschluss;weiblich;2019;3913
Brandenburg;Mittlerer Schulabschluss;männlich;2020;4467
Brandenburg;Mittlerer Schulabschluss;weiblich;2020;4012
Brandenburg;Mittlerer Schulabschluss;männlich;2021;4437
Brandenburg;Mittlerer Schulabschluss;weiblich;2021;3989
Brandenburg;Mittlerer Schulabschluss;männlich;2022;4600
Brandenburg;Mittlerer Schulabschluss;weiblich;2022;4324
Brandenburg;Fachhochschulreife;männlich;2013;30
Brandenburg;Fachhochschulreife;weiblich;2013;12
Brandenburg;Fachhochschulreife;männlich;2014;8
Brandenburg;Fachhochschulreife;weiblich;2014;8
Brandenburg;Fachhochschulreife;männlich;2015;24
Brandenburg;Fachhochschulreife;weiblich;2015;8
Brandenburg;Fachhochschulreife;männlich;2016;-
Brandenburg;Fachhochschulreife;weiblich;2016;-
Brandenburg;Fachhochschulreife;männlich;2017;8
Brandenburg;Fachhochschulreife;weiblich;2017;16
Brandenburg;Fachhochschulreife;männlich;2018;-
Brandenburg;Fachhochschulreife;weiblich;2018;-
Brandenburg;Fachhochschulreife;männlich;2019;9
Brandenburg;Fachhochschulreife;weiblich;2019;10
Brandenburg;Fachhochschulreife;männlich;2020;-
Brandenburg;Fachhochschulreife;weiblich;2020;-
Brandenburg;Fachhochschulreife;männlich;2021;14
Brandenburg;Fachhochschulreife;weiblich;2021;1
Brandenburg;Fachhochschulreife;männlich;2022;-
Brandenburg;Fachhochschulreife;weiblich;2022;-
Brandenburg;Allgemeine Hochschulreife;männlich;2013;2975
Brandenburg;Allgemeine Hochschulreife;weiblich;2013;3520
Brandenburg;Allgemeine Hochschulreife;männlich;2014;3506
Brandenburg;Allgemeine Hochschulreife;weiblich;2014;4003
Brandenburg;Allgemeine Hochschulreife;männlich;2015;3574
Brandenburg;Allgemeine Hochschulreife;weiblich;2015;4348
Brandenburg;Allgemeine Hochschulreife;männlich;2016;4053
Brandenburg;Allgemeine Hochschulreife;weiblich;2016;4892
Brandenburg;Allgemeine Hochschulreife;männlich;2017;4062
Brandenburg;Allgemeine Hochschulreife;weiblich;2017;4771
Brandenburg;Allgemeine Hochschulreife;männlich;2018;3923
Brandenburg;Allgemeine Hochschulreife;weiblich;2018;4552
Brandenburg;Allgemeine Hochschulreife;männlich;2019;3684
Brandenburg;Allgemeine Hochschulreife;weiblich;2019;4513
Brandenburg;Allgemeine Hochschulreife;männlich;2020;3790
Brandenburg;Allgemeine Hochschulreife;weiblich;2020;4835
Brandenburg;Allgemeine Hochschulreife;männlich;2021;3830
Brandenburg;Allgemeine Hochschulreife;weiblich;2021;4623
Brandenburg;Allgemeine Hochschulreife;männlich;2022;3959
Brandenburg;Allgemeine Hochschulreife;weiblich;2022;4615
Bremen;Ohne Hauptschulabschluss;männlich;2013;266
Bremen;Ohne Hauptschulabschluss;weiblich;2013;182
Bremen;Ohne Hauptschulabschluss;männlich;2014;268
Bremen;Ohne Hauptschulabschluss;weiblich;2014;179
Bremen;Ohne Hauptschulabschluss;männlich;2015;246
Bremen;Ohne Hauptschulabschluss;weiblich;2015;191
Bremen;Ohne Hauptschulabschluss;männlich;2016;349
Bremen;Ohne Hauptschulabschluss;weiblich;2016;226
Bremen;Ohne Hauptschulabschluss;männlich;2017;336
Bremen;Ohne Hauptschulabschluss;weiblich;2017;228
Bremen;Ohne Hauptschulabschluss;männlich;2018;358
Bremen;Ohne Hauptschulabschluss;weiblich;2018;249
Bremen;Ohne Hauptschulabschluss;männlich;2019;344
Bremen;Ohne Hauptschulabschluss;weiblich;2019;249
Bremen;Ohne Hauptschulabschluss;männlich;2020;357
Bremen;Ohne Hauptschulabschluss;weiblich;2020;255
Bremen;Ohne Hauptschulabschluss;männlich;2021;386
Bremen;Ohne Hauptschulabschluss;weiblich;2021;246
Bremen;Ohne Hauptschulabschluss;männlich;2022;436
Bremen;Ohne Hauptschulabschluss;weiblich;2022;246
Bremen;Hauptschulabschluss;männlich;2013;879
Bremen;Hauptschulabschluss;weiblich;2013;634
Bremen;Hauptschulabschluss;männlich;2014;787
Bremen;Hauptschulabschluss;weiblich;2014;608
Bremen;Hauptschulabschluss;männlich;2015;744
Bremen;Hauptschulabschluss;weiblich;2015;517
Bremen;Hauptschulabschluss;männlich;2016;789
Bremen;Hauptschulabschluss;weiblich;2016;538
Bremen;Hauptschulabschluss;männlich;2017;815
Bremen;Hauptschulabschluss;weiblich;2017;553
Bremen;Hauptschulabschluss;männlich;2018;792
Bremen;Hauptschulabschluss;weiblich;2018;579
Bremen;Hauptschulabschluss;männlich;2019;861
Bremen;Hauptschulabschluss;weiblich;2019;651
Bremen;Hauptschulabschluss;männlich;2020;872
Bremen;Hauptschulabschluss;weiblich;2020;600
Bremen;Hauptschulabschluss;männlich;2021;907
Bremen;Hauptschulabschluss;weiblich;2021;633
Bremen;Hauptschulabschluss;männlich;2022;1127
Bremen;Hauptschulabschluss;weiblich;2022;812
Bremen;Mittlerer Schulabschluss;männlich;2013;1356
Bremen;Mittlerer Schulabschluss;weiblich;2013;1324
Bremen;Mittlerer Schulabschluss;männlich;2014;1455
Bremen;Mittlerer Schulabschluss;weiblich;2014;1315
Bremen;Mittlerer Schulabschluss;männlich;2015;1298
Bremen;Mittlerer Schulabschluss;weiblich;2015;1165
Bremen;Mittlerer Schulabschluss;männlich;2016;1300
Bremen;Mittlerer Schulabschluss;weiblich;2016;1196
Bremen;Mittlerer Schulabschluss;männlich;2017;1312
Bremen;Mittlerer Schulabschluss;weiblich;2017;1086
Bremen;Mittlerer Schulabschluss;männlich;2018;1153
Bremen;Mittlerer Schulabschluss;weiblich;2018;1051
Bremen;Mittlerer Schulabschluss;männlich;2019;1102
Bremen;Mittlerer Schulabschluss;weiblich;2019;1054
Bremen;Mittlerer Schulabschluss;männlich;2020;1144
Bremen;Mittlerer Schulabschluss;weiblich;2020;1019
Bremen;Mittlerer Schulabschluss;männlich;2021;1076
Bremen;Mittlerer Schulabschluss;weiblich;2021;1013
Bremen;Mittlerer Schulabschluss;männlich;2022;1084
Bremen;Mittlerer Schulabschluss;weiblich;2022;1047
Bremen;Fachhochschulreife;männlich;2013;51
Bremen;Fachhochschulreife;weiblich;2013;56
Bremen;Fachhochschulreife;männlich;2014;146
Bremen;Fachhochschulreife;weiblich;2014;100
Bremen;Fachhochschulreife;männlich;2015;-
Bremen;Fachhochschulreife;weiblich;2015;-
Bremen;Fachhochschulreife;männlich;2016;-
Bremen;Fachhochschulreife;weiblich;2016;-
Bremen;Fachhochschulreife;männlich;2017;106
Bremen;Fachhochschulreife;weiblich;2017;139
Bremen;Fachhochschulreife;männlich;2018;-
Bremen;Fachhochschulreife;weiblich;2018;-
Bremen;Fachhochschulreife;männlich;2019;168
Bremen;Fachhochschulreife;weiblich;2019;164
Bremen;Fachhochschulreife;männlich;2020;138
Bremen;Fachhochschulreife;weiblich;2020;127
Bremen;Fachhochschulreife;männlich;2021;114
Bremen;Fachhochschulreife;weiblich;2021;105
Bremen;Fachhochschulreife;männlich;2022;131
Bremen;Fachhochschulreife;weiblich;2022;144
Bremen;Allgemeine Hochschulreife;männlich;2013;1265
Bremen;Allgemeine Hochschulreife;weiblich;2013;1521
Bremen;Allgemeine Hochschulreife;männlich;2014;1391
Bremen;Allgemeine Hochschulreife;weiblich;2014;1611
Bremen;Allgemeine Hochschulreife;männlich;2015;1275
Bremen;Allgemeine Hochschulreife;weiblich;2015;1556
Bremen;Allgemeine Hochschulreife;männlich;2016;1189
Bremen;Allgemeine Hochschulreife;weiblich;2016;1403
Bremen;Allgemeine Hochschulreife;männlich;2017;1215
Bremen;Allgemeine Hochschulreife;weiblich;2017;1356
Bremen;Allgemeine Hochschulreife;männlich;2018;1036
Bremen;Allgemeine Hochschulreife;weiblich;2018;1320
Bremen;Allgemeine Hochschulreife;männlich;2019;1153
Bremen;Allgemeine Hochschulreife;weiblich;2019;1397
Bremen;Allgemeine Hochschulreife;männlich;2020;1123
Bremen;Allgemeine Hochschulreife;weiblich;2020;1400
Bremen;Allgemeine Hochschulreife;männlich;2021;1080
Bremen;Allgemeine Hochschulreife;weiblich;2021;1334
Bremen;Allgemeine Hochschulreife;männlich;2022;1028
Bremen;Allgemeine Hochschulreife;weiblich;2022;1250
Hamburg;Ohne Hauptschulabschluss;männlich;2013;461
Hamburg;Ohne Hauptschulabschluss;weiblich;2013;294
Hamburg;Ohne Hauptschulabschluss;männlich;2014;523
Hamburg;Ohne Hauptschulabschluss;weiblich;2014;374
Hamburg;Ohne Hauptschulabschluss;männlich;2015;591
Hamburg;Ohne Hauptschulabschluss;weiblich;2015;401
Hamburg;Ohne Hauptschulabschluss;männlich;2016;512
Hamburg;Ohne Hauptschulabschluss;weiblich;2016;384
Hamburg;Ohne Hauptschulabschluss;männlich;2017;656
Hamburg;Ohne Hauptschulabschluss;weiblich;2017;428
Hamburg;Ohne Hauptschulabschluss;männlich;2018;606
Hamburg;Ohne Hauptschulabschluss;weiblich;2018;372
Hamburg;Ohne Hauptschulabschluss;männlich;2019;697
Hamburg;Ohne Hauptschulabschluss;weiblich;2019;422
Hamburg;Ohne Hauptschulabschluss;männlich;2020;604
Hamburg;Ohne Hauptschulabschluss;weiblich;2020;341
Hamburg;Ohne Hauptschulabschluss;männlich;2021;650
Hamburg;Ohne Hauptschulabschluss;weiblich;2021;393
Hamburg;Ohne Hauptschulabschluss;männlich;2022;664
Hamburg;Ohne Hauptschulabschluss;weiblich;2022;397
Hamburg;Hauptschulabschluss;männlich;2013;1477
Hamburg;Hauptschulabschluss;weiblich;2013;1009
Hamburg;Hauptschulabschluss;männlich;2014;1593
Hamburg;Hauptschulabschluss;weiblich;2014;1189
Hamburg;Hauptschulabschluss;männlich;2015;1471
Hamburg;Hauptschulabschluss;weiblich;2015;1117
Hamburg;Hauptschulabschluss;männlich;2016;1915
Hamburg;Hauptschulabschluss;weiblich;2016;1263
Hamburg;Hauptschulabschluss;männlich;2017;1866
Hamburg;Hauptschulabschluss;weiblich;2017;1272
Hamburg;Hauptschulabschluss;männlich;2018;1764
Hamburg;Hauptschulabschluss;weiblich;2018;1236
Hamburg;Hauptschulabschluss;männlich;2019;1794
Hamburg;Hauptschulabschluss;weiblich;2019;1192
Hamburg;Hauptschulabschluss;männlich;2020;1560
Hamburg;Hauptschulabschluss;weiblich;2020;1107
Hamburg;Hauptschulabschluss;männlich;2021;1620
Hamburg;Hauptschulabschluss;weiblich;2021;1171
Hamburg;Hauptschulabschluss;männlich;2022;1650
Hamburg;Hauptschulabschluss;weiblich;2022;1144
Hamburg;Mittlerer Schulabschluss;männlich;2013;2044
Hamburg;Mittlerer Schulabschluss;weiblich;2013;1726
Hamburg;Mittlerer Schulabschluss;männlich;2014;2045
Hamburg;Mittlerer Schulabschluss;weiblich;2014;1798
Hamburg;Mittlerer Schulabschluss;männlich;2015;2142
Hamburg;Mittlerer Schulabschluss;weiblich;2015;1802
Hamburg;Mittlerer Schulabschluss;männlich;2016;2150
Hamburg;Mittlerer Schulabschluss;weiblich;2016;1884
Hamburg;Mittlerer Schulabschluss;männlich;2017;2229
Hamburg;Mittlerer Schulabschluss;weiblich;2017;1772
Hamburg;Mittlerer Schulabschluss;männlich;2018;2054
Hamburg;Mittlerer Schulabschluss;weiblich;2018;1688
Hamburg;Mittlerer Schulabschluss;männlich;2019;2156
Hamburg;Mittlerer Schulabschluss;weiblich;2019;1690
Hamburg;Mittlerer Schulabschluss;männlich;2020;2026
Hamburg;Mittlerer Schulabschluss;weiblich;2020;1643
Hamburg;Mittlerer Schulabschluss;männlich;2021;2077
Hamburg;Mittlerer Schulabschluss;weiblich;2021;1733
Hamburg;Mittlerer Schulabschluss;männlich;2022;2166
Hamburg;Mittlerer Schulabschluss;weiblich;2022;1824
Hamburg;Fachhochschulreife;männlich;2013;33
Hamburg;Fachhochschulreife;weiblich;2013;31
Hamburg;Fachhochschulreife;männlich;2014;-
Hamburg;Fachhochschulreife;weiblich;2014;-
Hamburg;Fachhochschulreife;männlich;2015;-
Hamburg;Fachhochschulreife;weiblich;2015;-
Hamburg;Fachhochschulreife;männlich;2016;-
Hamburg;Fachhochschulreife;weiblich;2016;-
Hamburg;Fachhochschulreife;männlich;2017;-
Hamburg;Fachhochschulreife;weiblich;2017;-
Hamburg;Fachhochschulreife;männlich;2018;-
Hamburg;Fachhochschulreife;weiblich;2018;-
Hamburg;Fachhochschulreife;männlich;2019;-
Hamburg;Fachhochschulreife;weiblich;2019;-
Hamburg;Fachhochschulreife;männlich;2020;-
Hamburg;Fachhochschulreife;weiblich;2020;-
Hamburg;Fachhochschulreife;männlich;2021;-
Hamburg;Fachhochschulreife;weiblich;2021;-
Hamburg;Fachhochschulreife;männlich;2022;-
Hamburg;Fachhochschulreife;weiblich;2022;-
Hamburg;Allgemeine Hochschulreife;männlich;2013;3963
Hamburg;Allgemeine Hochschulreife;weiblich;2013;4551
Hamburg;Allgemeine Hochschulreife;männlich;2014;4240
Hamburg;Allgemeine Hochschulreife;weiblich;2014;4847
Hamburg;Allgemeine Hochschulreife;männlich;2015;4367
Hamburg;Allgemeine Hochschulreife;weiblich;2015;5053
Hamburg;Allgemeine Hochschulreife;männlich;2016;4238
Hamburg;Allgemeine Hochschulreife;weiblich;2016;4800
Hamburg;Allgemeine Hochschulreife;männlich;2017;4227
Hamburg;Allgemeine Hochschulreife;weiblich;2017;4805
Hamburg;Allgemeine Hochschulreife;männlich;2018;4261
Hamburg;Allgemeine Hochschulreife;weiblich;2018;4594
Hamburg;Allgemeine Hochschulreife;männlich;2019;4004
Hamburg;Allgemeine Hochschulreife;weiblich;2019;4856
Hamburg;Allgemeine Hochschulreife;männlich;2020;4142
Hamburg;Allgemeine Hochschulreife;weiblich;2020;4959
Hamburg;Allgemeine Hochschulreife;männlich;2021;4135
Hamburg;Allgemeine Hochschulreife;weiblich;2021;4874
Hamburg;Allgemeine Hochschulreife;männlich;2022;4233
Hamburg;Allgemeine Hochschulreife;weiblich;2022;4829
Hessen;Ohne Hauptschulabschluss;männlich;2013;1853
Hessen;Ohne Hauptschulabschluss;weiblich;2013;1178
Hessen;Ohne Hauptschulabschluss;männlich;2014;1589
Hessen;Ohne Hauptschulabschluss;weiblich;2014;953
Hessen;Ohne Hauptschulabschluss;männlich;2015;1947
Hessen;Ohne Hauptschulabschluss;weiblich;2015;1270
Hessen;Ohne Hauptschulabschluss;männlich;2016;1870
Hessen;Ohne Hauptschulabschluss;weiblich;2016;1223
Hessen;Ohne Hauptschulabschluss;männlich;2017;1879
Hessen;Ohne Hauptschulabschluss;weiblich;2017;1132
Hessen;Ohne Hauptschulabschluss;männlich;2018;1902
Hessen;Ohne Hauptschulabschluss;weiblich;2018;1142
Hessen;Ohne Hauptschulabschluss;männlich;2019;1607
Hessen;Ohne Hauptschulabschluss;weiblich;2019;948
Hessen;Ohne Hauptschulabschluss;männlich;2020;1880
Hessen;Ohne Hauptschulabschluss;weiblich;2020;1272
Hessen;Ohne Hauptschulabschluss;männlich;2021;2206
Hessen;Ohne Hauptschulabschluss;weiblich;2021;1355
Hessen;Ohne Hauptschulabschluss;männlich;2022;2141
Hessen;Ohne Hauptschulabschluss;weiblich;2022;1416
Hessen;Hauptschulabschluss;männlich;2013;6578
Hessen;Hauptschulabschluss;weiblich;2013;4699
Hessen;Hauptschulabschluss;männlich;2014;5730
Hessen;Hauptschulabschluss;weiblich;2014;4032
Hessen;Hauptschulabschluss;männlich;2015;6588
Hessen;Hauptschulabschluss;weiblich;2015;4686
Hessen;Hauptschulabschluss;männlich;2016;7164
Hessen;Hauptschulabschluss;weiblich;2016;4776
Hessen;Hauptschulabschluss;männlich;2017;6913
Hessen;Hauptschulabschluss;weiblich;2017;4472
Hessen;Hauptschulabschluss;männlich;2018;6453
Hessen;Hauptschulabschluss;weiblich;2018;4012
Hessen;Hauptschulabschluss;männlich;2019;6172
Hessen;Hauptschulabschluss;weiblich;2019;4162
Hessen;Hauptschulabschluss;männlich;2020;5915
Hessen;Hauptschulabschluss;weiblich;2020;3969
Hessen;Hauptschulabschluss;männlich;2021;5764
Hessen;Hauptschulabschluss;weiblich;2021;3985
Hessen;Hauptschulabschluss;männlich;2022;5928
Hessen;Hauptschulabschluss;weiblich;2022;4057
Hessen;Mittlerer Schulabschluss;männlich;2013;15039
Hessen;Mittlerer Schulabschluss;weiblich;2013;14729
Hessen;Mittlerer Schulabschluss;männlich;2014;14254
Hessen;Mittlerer Schulabschluss;weiblich;2014;13698
Hessen;Mittlerer Schulabschluss;männlich;2015;14941
Hessen;Mittlerer Schulabschluss;weiblich;2015;14434
Hessen;Mittlerer Schulabschluss;männlich;2016;14282
Hessen;Mittlerer Schulabschluss;weiblich;2016;13481
Hessen;Mittlerer Schulabschluss;männlich;2017;13761
Hessen;Mittlerer Schulabschluss;weiblich;2017;12958
Hessen;Mittlerer Schulabschluss;männlich;2018;13995
Hessen;Mittlerer Schulabschluss;weiblich;2018;13374
Hessen;Mittlerer Schulabschluss;männlich;2019;14043
Hessen;Mittlerer Schulabschluss;weiblich;2019;13265
Hessen;Mittlerer Schulabschluss;männlich;2020;14231
Hessen;Mittlerer Schulabschluss;weiblich;2020;13723
Hessen;Mittlerer Schulabschluss;männlich;2021;13828
Hessen;Mittlerer Schulabschluss;weiblich;2021;13398
Hessen;Mittlerer Schulabschluss;männlich;2022;14553
Hessen;Mittlerer Schulabschluss;weiblich;2022;13703
Hessen;Fachhochschulreife;männlich;2013;170
Hessen;Fachhochschulreife;weiblich;2013;130
Hessen;Fachhochschulreife;männlich;2014;167
Hessen;Fachhochschulreife;weiblich;2014;147
Hessen;Fachhochschulreife;männlich;2015;173
Hessen;Fachhochschulreife;weiblich;2015;118
Hessen;Fachhochschulreife;männlich;2016;130
Hessen;Fachhochschulreife;weiblich;2016;103
Hessen;Fachhochschulreife;männlich;2017;152
Hessen;Fachhochschulreife;weiblich;2017;97
Hessen;Fachhochschulreife;männlich;2018;110
Hessen;Fachhochschulreife;weiblich;2018;78
Hessen;Fachhochschulreife;männlich;2019;84
Hessen;Fachhochschulreife;weiblich;2019;65
Hessen;Fachhochschulreife;männlich;2020;87
Hessen;Fachhochschulreife;weiblich;2020;74
Hessen;Fachhochschulreife;männlich;2021;71
Hessen;Fachhochschulreife;weiblich;2021;53
Hessen;Fachhochschulreife;männlich;2022;71
Hessen;Fachhochschulreife;weiblich;2022;56
Hessen;Allgemeine Hochschulreife;männlich;2013;11509
Hessen;Allgemeine Hochschulreife;weiblich;2013;14495
Hessen;Allgemeine Hochschulreife;männlich;2014;9885
Hessen;Allgemeine Hochschulreife;weiblich;2014;12212
Hessen;Allgemeine Hochschulreife;männlich;2015;9450
Hessen;Allgemeine Hochschulreife;weiblich;2015;11595
Hessen;Allgemeine Hochschulreife;männlich;2016;9248
Hessen;Allgemeine Hochschulreife;weiblich;2016;11490
Hessen;Allgemeine Hochschulreife;männlich;2017;9068
Hessen;Allgemeine Hochschulreife;weiblich;2017;11551
Hessen;Allgemeine Hochschulreife;männlich;2018;8354
Hessen;Allgemeine Hochschulreife;weiblich;2018;10617
Hessen;Allgemeine Hochschulreife;männlich;2019;8591
Hessen;Allgemeine Hochschulreife;weiblich;2019;10417
Hessen;Allgemeine Hochschulreife;männlich;2020;6964
Hessen;Allgemeine Hochschulreife;weiblich;2020;8878
Hessen;Allgemeine Hochschulreife;männlich;2021;6880
Hessen;Allgemeine Hochschulreife;weiblich;2021;8845
Hessen;Allgemeine Hochschulreife;männlich;2022;8346
Hessen;Allgemeine Hochschulreife;weiblich;2022;10124
Mecklenburg-Vorpommern;Ohne Hauptschulabschluss;männlich;2013;598
Mecklenburg-Vorpommern;Ohne Hauptschulabschluss;weiblich;2013;363
Mecklenburg-Vorpommern;Ohne Hauptschulabschluss;männlich;2014;643
Mecklenburg-Vorpommern;Ohne Hauptschulabschluss;weiblich;2014;357
Mecklenburg-Vorpommern;Ohne Hauptschulabschluss;männlich;2015;735
Mecklenburg-Vorpommern;Ohne Hauptschulabschluss;weiblich;2015;440
Mecklenburg-Vorpommern;Ohne Hauptschulabschluss;männlich;2016;726
Mecklenburg-Vorpommern;Ohne Hauptschulabschluss;weiblich;2016;407
Mecklenburg-Vorpommern;Ohne Hauptschulabschluss;männlich;2017;802
Mecklenburg-Vorpommern;Ohne Hauptschulabschluss;weiblich;2017;392
Mecklenburg-Vorpommern;Ohne Hauptschulabschluss;männlich;2018;773
Mecklenburg-Vorpommern;Ohne Hauptschulabschluss;weiblich;2018;452
Mecklenburg-Vorpommern;Ohne Hauptschulabschluss;männlich;2019;571
Mecklenburg-Vorpommern;Ohne Hauptschulabschluss;weiblich;2019;348
Mecklenburg-Vorpommern;Ohne Hauptschulabschluss;männlich;2020;686
Mecklenburg-Vorpommern;Ohne Hauptschulabschluss;weiblich;2020;389
Mecklenburg-Vorpommern;Ohne Hauptschulabschluss;männlich;2021;880
Mecklenburg-Vorpommern;Ohne Hauptschulabschluss;weiblich;2021;527
Mecklenburg-Vorpommern;Ohne Hauptschulabschluss;männlich;2022;844
Mecklenburg-Vorpommern;Ohne Hauptschulabschluss;weiblich;2022;557
Mecklenburg-Vorpommern;Hauptschulabschluss;männlich;2013;898
Mecklenburg-Vorpommern;Hauptschulabschluss;weiblich;2013;563
Mecklenburg-Vorpommern;Hauptschulabschluss;männlich;2014;1024
Mecklenburg-Vorpommern;Hauptschulabschluss;weiblich;2014;668
Mecklenburg-Vorpommern;Hauptschulabschluss;männlich;2015;1010
Mecklenburg-Vorpommern;Hauptschulabschluss;weiblich;2015;701
Mecklenburg-Vorpommern;Hauptschulabschluss;männlich;2016;1090
Mecklenburg-Vorpommern;Hauptschulabschluss;weiblich;2016;659
Mecklenburg-Vorpommern;Hauptschulabschluss;männlich;2017;1166
Mecklenburg-Vorpommern;Hauptschulabschluss;weiblich;2017;731
Mecklenburg-Vorpommern;Hauptschulabschluss;männlich;2018;1103
Mecklenburg-Vorpommern;Hauptschulabschluss;weiblich;2018;693
Mecklenburg-Vorpommern;Hauptschulabschluss;männlich;2019;831
Mecklenburg-Vorpommern;Hauptschulabschluss;weiblich;2019;557
Mecklenburg-Vorpommern;Hauptschulabschluss;männlich;2020;1030
Mecklenburg-Vorpommern;Hauptschulabschluss;weiblich;2020;620
Mecklenburg-Vorpommern;Hauptschulabschluss;männlich;2021;1055
Mecklenburg-Vorpommern;Hauptschulabschluss;weiblich;2021;770
Mecklenburg-Vorpommern;Hauptschulabschluss;männlich;2022;1175
Mecklenburg-Vorpommern;Hauptschulabschluss;weiblich;2022;816
Mecklenburg-Vorpommern;Mittlerer Schulabschluss;männlich;2013;2504
Mecklenburg-Vorpommern;Mittlerer Schulabschluss;weiblich;2013;2452
Mecklenburg-Vorpommern;Mittlerer Schulabschluss;männlich;2014;2637
Mecklenburg-Vorpommern;Mittlerer Schulabschluss;weiblich;2014;2434
Mecklenburg-Vorpommern;Mittlerer Schulabschluss;männlich;2015;2671
Mecklenburg-Vorpommern;Mittlerer Schulabschluss;weiblich;2015;2527
Mecklenburg-Vorpommern;Mittlerer Schulabschluss;männlich;2016;2815
Mecklenburg-Vorpommern;Mittlerer Schulabschluss;weiblich;2016;2533
Mecklenburg-Vorpommern;Mittlerer Schulabschluss;männlich;2017;2930
Mecklenburg-Vorpommern;Mittlerer Schulabschluss;weiblich;2017;2648
Mecklenburg-Vorpommern;Mittlerer Schulabschluss;männlich;2018;2892
Mecklenburg-Vorpommern;Mittlerer Schulabschluss;weiblich;2018;2736
Mecklenburg-Vorpommern;Mittlerer Schulabschluss;männlich;2019;3024
Mecklenburg-Vorpommern;Mittlerer Schulabschluss;weiblich;2019;2732
Mecklenburg-Vorpommern;Mittlerer Schulabschluss;männlich;2020;3253
Mecklenburg-Vorpommern;Mittlerer Schulabschluss;weiblich;2020;2843
Mecklenburg-Vorpommern;Mittlerer Schulabschluss;männlich;2021;3182
Mecklenburg-Vorpommern;Mittlerer Schulabschluss;weiblich;2021;2939
Mecklenburg-Vorpommern;Mittlerer Schulabschluss;männlich;2022;3297
Mecklenburg-Vorpommern;Mittlerer Schulabschluss;weiblich;2022;3084
Mecklenburg-Vorpommern;Allgemeine Hochschulreife;männlich;2013;1604
Mecklenburg-Vorpommern;Allgemeine Hochschulreife;weiblich;2013;2077
Mecklenburg-Vorpommern;Allgemeine Hochschulreife;männlich;2014;1886
Mecklenburg-Vorpommern;Allgemeine Hochschulreife;weiblich;2014;2362
Mecklenburg-Vorpommern;Allgemeine Hochschulreife;männlich;2015;2032
Mecklenburg-Vorpommern;Allgemeine Hochschulreife;weiblich;2015;2447
Mecklenburg-Vorpommern;Allgemeine Hochschulreife;männlich;2016;2054
Mecklenburg-Vorpommern;Allgemeine Hochschulreife;weiblich;2016;2529
Mecklenburg-Vorpommern;Allgemeine Hochschulreife;männlich;2017;2117
Mecklenburg-Vorpommern;Allgemeine Hochschulreife;weiblich;2017;2753
Mecklenburg-Vorpommern;Allgemeine Hochschulreife;männlich;2018;2143
Mecklenburg-Vorpommern;Allgemeine Hochschulreife;weiblich;2018;2565
Mecklenburg-Vorpommern;Allgemeine Hochschulreife;männlich;2019;2174
Mecklenburg-Vorpommern;Allgemeine Hochschulreife;weiblich;2019;2591
Mecklenburg-Vorpommern;Allgemeine Hochschulreife;männlich;2020;2030
Mecklenburg-Vorpommern;Allgemeine Hochschulreife;weiblich;2020;2492
Mecklenburg-Vorpommern;Allgemeine Hochschulreife;männlich;2021;1920
Mecklenburg-Vorpommern;Allgemeine Hochschulreife;weiblich;2021;2633
Mecklenburg-Vorpommern;Allgemeine Hochschulreife;männlich;2022;1922
Mecklenburg-Vorpommern;Allgemeine Hochschulreife;weiblich;2022;2490
Niedersachsen;Ohne Hauptschulabschluss;männlich;2013;2532
Niedersachsen;Ohne Hauptschulabschluss;weiblich;2013;1713
Niedersachsen;Ohne Hauptschulabschluss;männlich;2014;2662
Niedersachsen;Ohne Hauptschulabschluss;weiblich;2014;1677
Niedersachsen;Ohne Hauptschulabschluss;männlich;2015;2676
Niedersachsen;Ohne Hauptschulabschluss;weiblich;2015;1615
Niedersachsen;Ohne Hauptschulabschluss;männlich;2016;3042
Niedersachsen;Ohne Hauptschulabschluss;weiblich;2016;1788
Niedersachsen;Ohne Hauptschulabschluss;männlich;2017;3209
Niedersachsen;Ohne Hauptschulabschluss;weiblich;2017;1884
Niedersachsen;Ohne Hauptschulabschluss;männlich;2018;3413
Niedersachsen;Ohne Hauptschulabschluss;weiblich;2018;2011
Niedersachsen;Ohne Hauptschulabschluss;männlich;2019;2826
Niedersachsen;Ohne Hauptschulabschluss;weiblich;2019;1786
Niedersachsen;Ohne Hauptschulabschluss;männlich;2020;2861
Niedersachsen;Ohne Hauptschulabschluss;weiblich;2020;1729
Niedersachsen;Ohne Hauptschulabschluss;männlich;2021;3029
Niedersachsen;Ohne Hauptschulabschluss;weiblich;2021;2057
Niedersachsen;Ohne Hauptschulabschluss;männlich;2022;3578
Niedersachsen;Ohne Hauptschulabschluss;weiblich;2022;2317
Niedersachsen;Hauptschulabschluss;männlich;2013;7241
Niedersachsen;Hauptschulabschluss;weiblich;2013;4786
Niedersachsen;Hauptschulabschluss;männlich;2014;6828
Niedersachsen;Hauptschulabschluss;weiblich;2014;4292
Niedersachsen;Hauptschulabschluss;männlich;2015;6837
Niedersachsen;Hauptschulabschluss;weiblich;2015;4496
Niedersachsen;Hauptschulabschluss;männlich;2016;7200
Niedersachsen;Hauptschulabschluss;weiblich;2016;4486
Niedersachsen;Hauptschulabschluss;männlich;2017;7133
Niedersachsen;Hauptschulabschluss;weiblich;2017;4383
Niedersachsen;Hauptschulabschluss;männlich;2018;6893
Niedersachsen;Hauptschulabschluss;weiblich;2018;4312
Niedersachsen;Hauptschulabschluss;männlich;2019;6414
Niedersachsen;Hauptschulabschluss;weiblich;2019;4152
Niedersachsen;Hauptschulabschluss;männlich;2020;6283
Niedersachsen;Hauptschulabschluss;weiblich;2020;4035
Niedersachsen;Hauptschulabschluss;männlich;2021;6303
Niedersachsen;Hauptschulabschluss;weiblich;2021;4343
Niedersachsen;Hauptschulabschluss;männlich;2022;6461
Niedersachsen;Hauptschulabschluss;weiblich;2022;4198
Niedersachsen;Mittlerer Schulabschluss;männlich;2013;23011
Niedersachsen;Mittlerer Schulabschluss;weiblich;2013;21277
Niedersachsen;Mittlerer Schulabschluss;männlich;2014;21967
Niedersachsen;Mittlerer Schulabschluss;weiblich;2014;20471
Niedersachsen;Mittlerer Schulabschluss;männlich;2015;21373
Niedersachsen;Mittlerer Schulabschluss;weiblich;2015;19604
Niedersachsen;Mittlerer Schulabschluss;männlich;2016;20748
Niedersachsen;Mittlerer Schulabschluss;weiblich;2016;18435
Niedersachsen;Mittlerer Schulabschluss;männlich;2017;20003
Niedersachsen;Mittlerer Schulabschluss;weiblich;2017;17929
Niedersachsen;Mittlerer Schulabschluss;männlich;2018;19047
Niedersachsen;Mittlerer Schulabschluss;weiblich;2018;17416
Niedersachsen;Mittlerer Schulabschluss;männlich;2019;19285
Niedersachsen;Mittlerer Schulabschluss;weiblich;2019;17657
Niedersachsen;Mittlerer Schulabschluss;männlich;2020;18804
Niedersachsen;Mittlerer Schulabschluss;weiblich;2020;17123
Niedersachsen;Mittlerer Schulabschluss;männlich;2021;18592
Niedersachsen;Mittlerer Schulabschluss;weiblich;2021;17107
Niedersachsen;Mittlerer Schulabschluss;männlich;2022;18521
Niedersachsen;Mittlerer Schulabschluss;weiblich;2022;16991
Niedersachsen;Allgemeine Hochschulreife;männlich;2013;12000
Niedersachsen;Allgemeine Hochschulreife;weiblich;2013;14745
Niedersachsen;Allgemeine Hochschulreife;männlich;2014;12346
Niedersachsen;Allgemeine Hochschulreife;weiblich;2014;15563
Niedersachsen;Allgemeine Hochschulreife;männlich;2015;12468
Niedersachsen;Allgemeine Hochschulreife;weiblich;2015;15096
Niedersachsen;Allgemeine Hochschulreife;männlich;2016;11978
Niedersachsen;Allgemeine Hochschulreife;weiblich;2016;14778
Niedersachsen;Allgemeine Hochschulreife;männlich;2017;11759
Niedersachsen;Allgemeine Hochschulreife;weiblich;2017;14769
Niedersachsen;Allgemeine Hochschulreife;männlich;2018;12105
Niedersachsen;Allgemeine Hochschulreife;weiblich;2018;14982
Niedersachsen;Allgemeine Hochschulreife;männlich;2019;2315
Niedersachsen;Allgemeine Hochschulreife;weiblich;2019;2893
Niedersachsen;Allgemeine Hochschulreife;männlich;2020;11201
Niedersachsen;Allgemeine Hochschulreife;weiblich;2020;14291
Niedersachsen;Allgemeine Hochschulreife;männlich;2021;11028
Niedersachsen;Allgemeine Hochschulreife;weiblich;2021;13795
Niedersachsen;Allgemeine Hochschulreife;männlich;2022;10914
Niedersachsen;Allgemeine Hochschulreife;weiblich;2022;13879
Nordrhein-Westfalen;Ohne Hauptschulabschluss;männlich;2013;6925
Nordrhein-Westfalen;Ohne Hauptschulabschluss;weiblich;2013;4770
Nordrhein-Westfalen;Ohne Hauptschulabschluss;männlich;2014;6462
Nordrhein-Westfalen;Ohne Hauptschulabschluss;weiblich;2014;4592
Nordrhein-Westfalen;Ohne Hauptschulabschluss;männlich;2015;6453
Nordrhein-Westfalen;Ohne Hauptschulabschluss;weiblich;2015;4352
Nordrhein-Westfalen;Ohne Hauptschulabschluss;männlich;2016;6781
Nordrhein-Westfalen;Ohne Hauptschulabschluss;weiblich;2016;4368
Nordrhein-Westfalen;Ohne Hauptschulabschluss;männlich;2017;7102
Nordrhein-Westfalen;Ohne Hauptschulabschluss;weiblich;2017;4420
Nordrhein-Westfalen;Ohne Hauptschulabschluss;männlich;2018;7023
Nordrhein-Westfalen;Ohne Hauptschulabschluss;weiblich;2018;4398
Nordrhein-Westfalen;Ohne Hauptschulabschluss;männlich;2019;6030
Nordrhein-Westfalen;Ohne Hauptschulabschluss;weiblich;2019;3678
Nordrhein-Westfalen;Ohne Hauptschulabschluss;männlich;2020;6295
Nordrhein-Westfalen;Ohne Hauptschulabschluss;weiblich;2020;3830
Nordrhein-Westfalen;Ohne Hauptschulabschluss;männlich;2021;7020
Nordrhein-Westfalen;Ohne Hauptschulabschluss;weiblich;2021;4370
Nordrhein-Westfalen;Ohne Hauptschulabschluss;männlich;2022;7060
Nordrhein-Westfalen;Ohne Hauptschulabschluss;weiblich;2022;4775
Nordrhein-Westfalen;Hauptschulabschluss;männlich;2013;19087
Nordrhein-Westfalen;Hauptschulabschluss;weiblich;2013;13751
Nordrhein-Westfalen;Hauptschulabschluss;männlich;2014;17922
Nordrhein-Westfalen;Hauptschulabschluss;weiblich;2014;12716
Nordrhein-Westfalen;Hauptschulabschluss;männlich;2015;17702
Nordrhein-Westfalen;Hauptschulabschluss;weiblich;2015;12066
Nordrhein-Westfalen;Hauptschulabschluss;männlich;2016;17196
Nordrhein-Westfalen;Hauptschulabschluss;weiblich;2016;11959
Nordrhein-Westfalen;Hauptschulabschluss;männlich;2017;17005
Nordrhein-Westfalen;Hauptschulabschluss;weiblich;2017;11282
Nordrhein-Westfalen;Hauptschulabschluss;männlich;2018;18006
Nordrhein-Westfalen;Hauptschulabschluss;weiblich;2018;12246
Nordrhein-Westfalen;Hauptschulabschluss;männlich;2019;15906
Nordrhein-Westfalen;Hauptschulabschluss;weiblich;2019;10575
Nordrhein-Westfalen;Hauptschulabschluss;männlich;2020;17040
Nordrhein-Westfalen;Hauptschulabschluss;weiblich;2020;11440
Nordrhein-Westfalen;Hauptschulabschluss;männlich;2021;16490
Nordrhein-Westfalen;Hauptschulabschluss;weiblich;2021;11415
Nordrhein-Westfalen;Hauptschulabschluss;männlich;2022;16630
Nordrhein-Westfalen;Hauptschulabschluss;weiblich;2022;12010
Nordrhein-Westfalen;Mittlerer Schulabschluss;männlich;2013;44781
Nordrhein-Westfalen;Mittlerer Schulabschluss;weiblich;2013;42593
Nordrhein-Westfalen;Mittlerer Schulabschluss;männlich;2014;44119
Nordrhein-Westfalen;Mittlerer Schulabschluss;weiblich;2014;41366
Nordrhein-Westfalen;Mittlerer Schulabschluss;männlich;2015;42747
Nordrhein-Westfalen;Mittlerer Schulabschluss;weiblich;2015;40084
Nordrhein-Westfalen;Mittlerer Schulabschluss;männlich;2016;41853
Nordrhein-Westfalen;Mittlerer Schulabschluss;weiblich;2016;39000
Nordrhein-Westfalen;Mittlerer Schulabschluss;männlich;2017;38658
Nordrhein-Westfalen;Mittlerer Schulabschluss;weiblich;2017;35698
Nordrhein-Westfalen;Mittlerer Schulabschluss;männlich;2018;37914
Nordrhein-Westfalen;Mittlerer Schulabschluss;weiblich;2018;35001
Nordrhein-Westfalen;Mittlerer Schulabschluss;männlich;2019;36732
Nordrhein-Westfalen;Mittlerer Schulabschluss;weiblich;2019;33570
Nordrhein-Westfalen;Mittlerer Schulabschluss;männlich;2020;37650
Nordrhein-Westfalen;Mittlerer Schulabschluss;weiblich;2020;34850
Nordrhein-Westfalen;Mittlerer Schulabschluss;männlich;2021;37185
Nordrhein-Westfalen;Mittlerer Schulabschluss;weiblich;2021;34900
Nordrhein-Westfalen;Mittlerer Schulabschluss;männlich;2022;37600
Nordrhein-Westfalen;Mittlerer Schulabschluss;weiblich;2022;35050
Nordrhein-Westfalen;Fachhochschulreife;männlich;2013;20
Nordrhein-Westfalen;Fachhochschulreife;weiblich;2013;15
Nordrhein-Westfalen;Fachhochschulreife;männlich;2014;22
Nordrhein-Westfalen;Fachhochschulreife;weiblich;2014;18
Nordrhein-Westfalen;Fachhochschulreife;männlich;2015;48
Nordrhein-Westfalen;Fachhochschulreife;weiblich;2015;41
Nordrhein-Westfalen;Fachhochschulreife;männlich;2016;30
Nordrhein-Westfalen;Fachhochschulreife;weiblich;2016;10
Nordrhein-Westfalen;Fachhochschulreife;männlich;2017;19
Nordrhein-Westfalen;Fachhochschulreife;weiblich;2017;13
Nordrhein-Westfalen;Fachhochschulreife;männlich;2018;24
Nordrhein-Westfalen;Fachhochschulreife;weiblich;2018;24
Nordrhein-Westfalen;Fachhochschulreife;männlich;2019;15
Nordrhein-Westfalen;Fachhochschulreife;weiblich;2019;9
Nordrhein-Westfalen;Fachhochschulreife;männlich;2020;15
Nordrhein-Westfalen;Fachhochschulreife;weiblich;2020;20
Nordrhein-Westfalen;Fachhochschulreife;männlich;2021;15
Nordrhein-Westfalen;Fachhochschulreife;weiblich;2021;20
Nordrhein-Westfalen;Fachhochschulreife;männlich;2022;25
Nordrhein-Westfalen;Fachhochschulreife;weiblich;2022;20
Nordrhein-Westfalen;Allgemeine Hochschulreife;männlich;2013;35711
Nordrhein-Westfalen;Allgemeine Hochschulreife;weiblich;2013;43430
Nordrhein-Westfalen;Allgemeine Hochschulreife;männlich;2014;36110
Nordrhein-Westfalen;Allgemeine Hochschulreife;weiblich;2014;43779
Nordrhein-Westfalen;Allgemeine Hochschulreife;männlich;2015;35838
Nordrhein-Westfalen;Allgemeine Hochschulreife;weiblich;2015;43722
Nordrhein-Westfalen;Allgemeine Hochschulreife;männlich;2016;34423
Nordrhein-Westfalen;Allgemeine Hochschulreife;weiblich;2016;41615
Nordrhein-Westfalen;Allgemeine Hochschulreife;männlich;2017;33888
Nordrhein-Westfalen;Allgemeine Hochschulreife;weiblich;2017;41113
Nordrhein-Westfalen;Allgemeine Hochschulreife;männlich;2018;33378
Nordrhein-Westfalen;Allgemeine Hochschulreife;weiblich;2018;41145
Nordrhein-Westfalen;Allgemeine Hochschulreife;männlich;2019;32892
Nordrhein-Westfalen;Allgemeine Hochschulreife;weiblich;2019;40389
Nordrhein-Westfalen;Allgemeine Hochschulreife;männlich;2020;32660
Nordrhein-Westfalen;Allgemeine Hochschulreife;weiblich;2020;39800
Nordrhein-Westfalen;Allgemeine Hochschulreife;männlich;2021;31275
Nordrhein-Westfalen;Allgemeine Hochschulreife;weiblich;2021;39295
Nordrhein-Westfalen;Allgemeine Hochschulreife;männlich;2022;32245
Nordrhein-Westfalen;Allgemeine Hochschulreife;weiblich;2022;38415
Rheinland-Pfalz;Ohne Hauptschulabschluss;männlich;2013;1466
Rheinland-Pfalz;Ohne Hauptschulabschluss;weiblich;2013;891
Rheinland-Pfalz;Ohne Hauptschulabschluss;männlich;2014;1642
Rheinland-Pfalz;Ohne Hauptschulabschluss;weiblich;2014;964
Rheinland-Pfalz;Ohne Hauptschulabschluss;männlich;2015;1607
Rheinland-Pfalz;Ohne Hauptschulabschluss;weiblich;2015;918
Rheinland-Pfalz;Ohne Hauptschulabschluss;männlich;2016;1716
Rheinland-Pfalz;Ohne Hauptschulabschluss;weiblich;2016;1069
Rheinland-Pfalz;Ohne Hauptschulabschluss;männlich;2017;1811
Rheinland-Pfalz;Ohne Hauptschulabschluss;weiblich;2017;1000
Rheinland-Pfalz;Ohne Hauptschulabschluss;männlich;2018;1951
Rheinland-Pfalz;Ohne Hauptschulabschluss;weiblich;2018;1007
Rheinland-Pfalz;Ohne Hauptschulabschluss;männlich;2019;1550
Rheinland-Pfalz;Ohne Hauptschulabschluss;weiblich;2019;910
Rheinland-Pfalz;Ohne Hauptschulabschluss;männlich;2020;1730
Rheinland-Pfalz;Ohne Hauptschulabschluss;weiblich;2020;1030
Rheinland-Pfalz;Ohne Hauptschulabschluss;männlich;2021;1795
Rheinland-Pfalz;Ohne Hauptschulabschluss;weiblich;2021;1086
Rheinland-Pfalz;Ohne Hauptschulabschluss;männlich;2022;2011
Rheinland-Pfalz;Ohne Hauptschulabschluss;weiblich;2022;1307
Rheinland-Pfalz;Hauptschulabschluss;männlich;2013;5232
Rheinland-Pfalz;Hauptschulabschluss;weiblich;2013;3312
Rheinland-Pfalz;Hauptschulabschluss;männlich;2014;4930
Rheinland-Pfalz;Hauptschulabschluss;weiblich;2014;3213
Rheinland-Pfalz;Hauptschulabschluss;männlich;2015;4871
Rheinland-Pfalz;Hauptschulabschluss;weiblich;2015;3191
Rheinland-Pfalz;Hauptschulabschluss;männlich;2016;5111
Rheinland-Pfalz;Hauptschulabschluss;weiblich;2016;3164
Rheinland-Pfalz;Hauptschulabschluss;männlich;2017;4810
Rheinland-Pfalz;Hauptschulabschluss;weiblich;2017;2889
Rheinland-Pfalz;Hauptschulabschluss;männlich;2018;4521
Rheinland-Pfalz;Hauptschulabschluss;weiblich;2018;2791
Rheinland-Pfalz;Hauptschulabschluss;männlich;2019;3877
Rheinland-Pfalz;Hauptschulabschluss;weiblich;2019;2450
Rheinland-Pfalz;Hauptschulabschluss;männlich;2020;3890
Rheinland-Pfalz;Hauptschulabschluss;weiblich;2020;2588
Rheinland-Pfalz;Hauptschulabschluss;männlich;2021;4271
Rheinland-Pfalz;Hauptschulabschluss;weiblich;2021;2827
Rheinland-Pfalz;Hauptschulabschluss;männlich;2022;4353
Rheinland-Pfalz;Hauptschulabschluss;weiblich;2022;2860
Rheinland-Pfalz;Mittlerer Schulabschluss;männlich;2013;9645
Rheinland-Pfalz;Mittlerer Schulabschluss;weiblich;2013;9586
Rheinland-Pfalz;Mittlerer Schulabschluss;männlich;2014;9092
Rheinland-Pfalz;Mittlerer Schulabschluss;weiblich;2014;9039
Rheinland-Pfalz;Mittlerer Schulabschluss;männlich;2015;8482
Rheinland-Pfalz;Mittlerer Schulabschluss;weiblich;2015;8462
Rheinland-Pfalz;Mittlerer Schulabschluss;männlich;2016;8067
Rheinland-Pfalz;Mittlerer Schulabschluss;weiblich;2016;8004
Rheinland-Pfalz;Mittlerer Schulabschluss;männlich;2017;8461
Rheinland-Pfalz;Mittlerer Schulabschluss;weiblich;2017;8008
Rheinland-Pfalz;Mittlerer Schulabschluss;männlich;2018;7680
Rheinland-Pfalz;Mittlerer Schulabschluss;weiblich;2018;7600
Rheinland-Pfalz;Mittlerer Schulabschluss;männlich;2019;7461
Rheinland-Pfalz;Mittlerer Schulabschluss;weiblich;2019;7173
Rheinland-Pfalz;Mittlerer Schulabschluss;männlich;2020;7462
Rheinland-Pfalz;Mittlerer Schulabschluss;weiblich;2020;7482
Rheinland-Pfalz;Mittlerer Schulabschluss;männlich;2021;7435
Rheinland-Pfalz;Mittlerer Schulabschluss;weiblich;2021;7473
Rheinland-Pfalz;Mittlerer Schulabschluss;männlich;2022;7872
Rheinland-Pfalz;Mittlerer Schulabschluss;weiblich;2022;7712
Rheinland-Pfalz;Allgemeine Hochschulreife;männlich;2013;5998
Rheinland-Pfalz;Allgemeine Hochschulreife;weiblich;2013;7628
Rheinland-Pfalz;Allgemeine Hochschulreife;männlich;2014;6420
Rheinland-Pfalz;Allgemeine Hochschulreife;weiblich;2014;7793
Rheinland-Pfalz;Allgemeine Hochschulreife;männlich;2015;6987
Rheinland-Pfalz;Allgemeine Hochschulreife;weiblich;2015;8713
Rheinland-Pfalz;Allgemeine Hochschulreife;männlich;2016;6651
Rheinland-Pfalz;Allgemeine Hochschulreife;weiblich;2016;8379
Rheinland-Pfalz;Allgemeine Hochschulreife;männlich;2017;6591
Rheinland-Pfalz;Allgemeine Hochschulreife;weiblich;2017;8202
Rheinland-Pfalz;Allgemeine Hochschulreife;männlich;2018;6458
Rheinland-Pfalz;Allgemeine Hochschulreife;weiblich;2018;8277
Rheinland-Pfalz;Allgemeine Hochschulreife;männlich;2019;6276
Rheinland-Pfalz;Allgemeine Hochschulreife;weiblich;2019;7896
Rheinland-Pfalz;Allgemeine Hochschulreife;männlich;2020;6159
Rheinland-Pfalz;Allgemeine Hochschulreife;weiblich;2020;8098
Rheinland-Pfalz;Allgemeine Hochschulreife;männlich;2021;5859
Rheinland-Pfalz;Allgemeine Hochschulreife;weiblich;2021;7755
Rheinland-Pfalz;Allgemeine Hochschulreife;männlich;2022;5831
Rheinland-Pfalz;Allgemeine Hochschulreife;weiblich;2022;7204
Saarland;Ohne Hauptschulabschluss;männlich;2013;297
Saarland;Ohne Hauptschulabschluss;weiblich;2013;192
Saarland;Ohne Hauptschulabschluss;männlich;2014;281
Saarland;Ohne Hauptschulabschluss;weiblich;2014;157
Saarland;Ohne Hauptschulabschluss;männlich;2015;434
Saarland;Ohne Hauptschulabschluss;weiblich;2015;228
Saarland;Ohne Hauptschulabschluss;männlich;2016;399
Saarland;Ohne Hauptschulabschluss;weiblich;2016;211
Saarland;Ohne Hauptschulabschluss;männlich;2017;426
Saarland;Ohne Hauptschulabschluss;weiblich;2017;230
Saarland;Ohne Hauptschulabschluss;männlich;2018;423
Saarland;Ohne Hauptschulabschluss;weiblich;2018;214
Saarland;Ohne Hauptschulabschluss;männlich;2019;303
Saarland;Ohne Hauptschulabschluss;weiblich;2019;243
Saarland;Ohne Hauptschulabschluss;männlich;2020;336
Saarland;Ohne Hauptschulabschluss;weiblich;2020;213
Saarland;Ohne Hauptschulabschluss;männlich;2021;372
Saarland;Ohne Hauptschulabschluss;weiblich;2021;286
Saarland;Ohne Hauptschulabschluss;männlich;2022;474
Saarland;Ohne Hauptschulabschluss;weiblich;2022;376
Saarland;Hauptschulabschluss;männlich;2013;1438
Saarland;Hauptschulabschluss;weiblich;2013;1129
Saarland;Hauptschulabschluss;männlich;2014;1352
Saarland;Hauptschulabschluss;weiblich;2014;1020
Saarland;Hauptschulabschluss;männlich;2015;1291
Saarland;Hauptschulabschluss;weiblich;2015;982
Saarland;Hauptschulabschluss;männlich;2016;1384
Saarland;Hauptschulabschluss;weiblich;2016;1050
Saarland;Hauptschulabschluss;männlich;2017;1538
Saarland;Hauptschulabschluss;weiblich;2017;1047
Saarland;Hauptschulabschluss;männlich;2018;1357
Saarland;Hauptschulabschluss;weiblich;2018;1060
Saarland;Hauptschulabschluss;männlich;2019;1494
Saarland;Hauptschulabschluss;weiblich;2019;1038
Saarland;Hauptschulabschluss;männlich;2020;1411
Saarland;Hauptschulabschluss;weiblich;2020;974
Saarland;Hauptschulabschluss;männlich;2021;1406
Saarland;Hauptschulabschluss;weiblich;2021;1067
Saarland;Hauptschulabschluss;männlich;2022;1503
Saarland;Hauptschulabschluss;weiblich;2022;1115
Saarland;Mittlerer Schulabschluss;männlich;2013;1676
Saarland;Mittlerer Schulabschluss;weiblich;2013;1776
Saarland;Mittlerer Schulabschluss;männlich;2014;1542
Saarland;Mittlerer Schulabschluss;weiblich;2014;1613
Saarland;Mittlerer Schulabschluss;männlich;2015;1658
Saarland;Mittlerer Schulabschluss;weiblich;2015;1656
Saarland;Mittlerer Schulabschluss;männlich;2016;1569
Saarland;Mittlerer Schulabschluss;weiblich;2016;1521
Saarland;Mittlerer Schulabschluss;männlich;2017;1421
Saarland;Mittlerer Schulabschluss;weiblich;2017;1369
Saarland;Mittlerer Schulabschluss;männlich;2018;1398
Saarland;Mittlerer Schulabschluss;weiblich;2018;1388
Saarland;Mittlerer Schulabschluss;männlich;2019;1327
Saarland;Mittlerer Schulabschluss;weiblich;2019;1254
Saarland;Mittlerer Schulabschluss;männlich;2020;1403
Saarland;Mittlerer Schulabschluss;weiblich;2020;1329
Saarland;Mittlerer Schulabschluss;männlich;2021;1371
Saarland;Mittlerer Schulabschluss;weiblich;2021;1276
Saarland;Mittlerer Schulabschluss;männlich;2022;1579
Saarland;Mittlerer Schulabschluss;weiblich;2022;1500
Saarland;Allgemeine Hochschulreife;männlich;2013;1408
Saarland;Allgemeine Hochschulreife;weiblich;2013;1804
Saarland;Allgemeine Hochschulreife;männlich;2014;1590
Saarland;Allgemeine Hochschulreife;weiblich;2014;1889
Saarland;Allgemeine Hochschulreife;männlich;2015;1543
Saarland;Allgemeine Hochschulreife;weiblich;2015;1760
Saarland;Allgemeine Hochschulreife;männlich;2016;1396
Saarland;Allgemeine Hochschulreife;weiblich;2016;1686
Saarland;Allgemeine Hochschulreife;männlich;2017;1426
Saarland;Allgemeine Hochschulreife;weiblich;2017;1804
Saarland;Allgemeine Hochschulreife;männlich;2018;1320
Saarland;Allgemeine Hochschulreife;weiblich;2018;1696
Saarland;Allgemeine Hochschulreife;männlich;2019;1399
Saarland;Allgemeine Hochschulreife;weiblich;2019;1696
Saarland;Allgemeine Hochschulreife;männlich;2020;1501
Saarland;Allgemeine Hochschulreife;weiblich;2020;1823
Saarland;Allgemeine Hochschulreife;männlich;2021;1382
Saarland;Allgemeine Hochschulreife;weiblich;2021;1666
Saarland;Allgemeine Hochschulreife;männlich;2022;1367
Saarland;Allgemeine Hochschulreife;weiblich;2022;1667
Sachsen;Ohne Hauptschulabschluss;männlich;2013;1437
Sachsen;Ohne Hauptschulabschluss;weiblich;2013;911
Sachsen;Ohne Hauptschulabschluss;männlich;2014;1412
Sachsen;Ohne Hauptschulabschluss;weiblich;2014;942
Sachsen;Ohne Hauptschulabschluss;männlich;2015;1570
Sachsen;Ohne Hauptschulabschluss;weiblich;2015;963
Sachsen;Ohne Hauptschulabschluss;männlich;2016;1579
Sachsen;Ohne Hauptschulabschluss;weiblich;2016;987
Sachsen;Ohne Hauptschulabschluss;männlich;2017;1660
Sachsen;Ohne Hauptschulabschluss;weiblich;2017;977
Sachsen;Ohne Hauptschulabschluss;männlich;2018;1674
Sachsen;Ohne Hauptschulabschluss;weiblich;2018;1034
Sachsen;Ohne Hauptschulabschluss;männlich;2019;1518
Sachsen;Ohne Hauptschulabschluss;weiblich;2019;937
Sachsen;Ohne Hauptschulabschluss;männlich;2020;1647
Sachsen;Ohne Hauptschulabschluss;weiblich;2020;1146
Sachsen;Ohne Hauptschulabschluss;männlich;2021;1697
Sachsen;Ohne Hauptschulabschluss;weiblich;2021;1078
Sachsen;Ohne Hauptschulabschluss;männlich;2022;1674
Sachsen;Ohne Hauptschulabschluss;weiblich;2022;1095
Sachsen;Hauptschulabschluss;männlich;2013;1852
Sachsen;Hauptschulabschluss;weiblich;2013;1216
Sachsen;Hauptschulabschluss;männlich;2014;1671
Sachsen;Hauptschulabschluss;weiblich;2014;1129
Sachsen;Hauptschulabschluss;männlich;2015;1728
Sachsen;Hauptschulabschluss;weiblich;2015;1070
Sachsen;Hauptschulabschluss;männlich;2016;1821
Sachsen;Hauptschulabschluss;weiblich;2016;1137
Sachsen;Hauptschulabschluss;männlich;2017;1874
Sachsen;Hauptschulabschluss;weiblich;2017;1050
Sachsen;Hauptschulabschluss;männlich;2018;1970
Sachsen;Hauptschulabschluss;weiblich;2018;1154
Sachsen;Hauptschulabschluss;männlich;2019;1845
Sachsen;Hauptschulabschluss;weiblich;2019;1069
Sachsen;Hauptschulabschluss;männlich;2020;1804
Sachsen;Hauptschulabschluss;weiblich;2020;1060
Sachsen;Hauptschulabschluss;männlich;2021;1845
Sachsen;Hauptschulabschluss;weiblich;2021;1134
Sachsen;Hauptschulabschluss;männlich;2022;2027
Sachsen;Hauptschulabschluss;weiblich;2022;1261
Sachsen;Mittlerer Schulabschluss;männlich;2013;7472
Sachsen;Mittlerer Schulabschluss;weiblich;2013;6800
Sachsen;Mittlerer Schulabschluss;männlich;2014;7375
Sachsen;Mittlerer Schulabschluss;weiblich;2014;7018
Sachsen;Mittlerer Schulabschluss;männlich;2015;8107
Sachsen;Mittlerer Schulabschluss;weiblich;2015;7564
Sachsen;Mittlerer Schulabschluss;männlich;2016;8222
Sachsen;Mittlerer Schulabschluss;weiblich;2016;7384
Sachsen;Mittlerer Schulabschluss;männlich;2017;7746
Sachsen;Mittlerer Schulabschluss;weiblich;2017;7312
Sachsen;Mittlerer Schulabschluss;männlich;2018;7999
Sachsen;Mittlerer Schulabschluss;weiblich;2018;7495
Sachsen;Mittlerer Schulabschluss;männlich;2019;8184
Sachsen;Mittlerer Schulabschluss;weiblich;2019;7855
Sachsen;Mittlerer Schulabschluss;männlich;2020;8414
Sachsen;Mittlerer Schulabschluss;weiblich;2020;7929
Sachsen;Mittlerer Schulabschluss;männlich;2021;8566
Sachsen;Mittlerer Schulabschluss;weiblich;2021;8048
Sachsen;Mittlerer Schulabschluss;männlich;2022;8622
Sachsen;Mittlerer Schulabschluss;weiblich;2022;8274
Sachsen;Allgemeine Hochschulreife;männlich;2013;3738
Sachsen;Allgemeine Hochschulreife;weiblich;2013;4463
Sachsen;Allgemeine Hochschulreife;männlich;2014;4299
Sachsen;Allgemeine Hochschulreife;weiblich;2014;5018
Sachsen;Allgemeine Hochschulreife;männlich;2015;4373
Sachsen;Allgemeine Hochschulreife;weiblich;2015;5245
Sachsen;Allgemeine Hochschulreife;männlich;2016;4754
Sachsen;Allgemeine Hochschulreife;weiblich;2016;5578
Sachsen;Allgemeine Hochschulreife;männlich;2017;4537
Sachsen;Allgemeine Hochschulreife;weiblich;2017;5582
Sachsen;Allgemeine Hochschulreife;männlich;2018;4819
Sachsen;Allgemeine Hochschulreife;weiblich;2018;5581
Sachsen;Allgemeine Hochschulreife;männlich;2019;4589
Sachsen;Allgemeine Hochschulreife;weiblich;2019;5576
Sachsen;Allgemeine Hochschulreife;männlich;2020;4598
Sachsen;Allgemeine Hochschulreife;weiblich;2020;5586
Sachsen;Allgemeine Hochschulreife;männlich;2021;4736
Sachsen;Allgemeine Hochschulreife;weiblich;2021;5758
Sachsen;Allgemeine Hochschulreife;männlich;2022;4467
Sachsen;Allgemeine Hochschulreife;weiblich;2022;5316
Sachsen-Anhalt;Ohne Hauptschulabschluss;männlich;2013;946
Sachsen-Anhalt;Ohne Hauptschulabschluss;weiblich;2013;582
Sachsen-Anhalt;Ohne Hauptschulabschluss;männlich;2014;1073
Sachsen-Anhalt;Ohne Hauptschulabschluss;weiblich;2014;662
Sachsen-Anhalt;Ohne Hauptschulabschluss;männlich;2015;1078
Sachsen-Anhalt;Ohne Hauptschulabschluss;weiblich;2015;585
Sachsen-Anhalt;Ohne Hauptschulabschluss;männlich;2016;1102
Sachsen-Anhalt;Ohne Hauptschulabschluss;weiblich;2016;647
Sachsen-Anhalt;Ohne Hauptschulabschluss;männlich;2017;1257
Sachsen-Anhalt;Ohne Hauptschulabschluss;weiblich;2017;747
Sachsen-Anhalt;Ohne Hauptschulabschluss;männlich;2018;1308
Sachsen-Anhalt;Ohne Hauptschulabschluss;weiblich;2018;687
Sachsen-Anhalt;Ohne Hauptschulabschluss;männlich;2019;1110
Sachsen-Anhalt;Ohne Hauptschulabschluss;weiblich;2019;663
Sachsen-Anhalt;Ohne Hauptschulabschluss;männlich;2020;1038
Sachsen-Anhalt;Ohne Hauptschulabschluss;weiblich;2020;633
Sachsen-Anhalt;Ohne Hauptschulabschluss;männlich;2021;1299
Sachsen-Anhalt;Ohne Hauptschulabschluss;weiblich;2021;771
Sachsen-Anhalt;Ohne Hauptschulabschluss;männlich;2022;1437
Sachsen-Anhalt;Ohne Hauptschulabschluss;weiblich;2022;909
Sachsen-Anhalt;Hauptschulabschluss;männlich;2013;1152
Sachsen-Anhalt;Hauptschulabschluss;weiblich;2013;776
Sachsen-Anhalt;Hauptschulabschluss;männlich;2014;1182
Sachsen-Anhalt;Hauptschulabschluss;weiblich;2014;778
Sachsen-Anhalt;Hauptschulabschluss;männlich;2015;1282
Sachsen-Anhalt;Hauptschulabschluss;weiblich;2015;828
Sachsen-Anhalt;Hauptschulabschluss;männlich;2016;1179
Sachsen-Anhalt;Hauptschulabschluss;weiblich;2016;758
Sachsen-Anhalt;Hauptschulabschluss;männlich;2017;1281
Sachsen-Anhalt;Hauptschulabschluss;weiblich;2017;741
Sachsen-Anhalt;Hauptschulabschluss;männlich;2018;1365
Sachsen-Anhalt;Hauptschulabschluss;weiblich;2018;807
Sachsen-Anhalt;Hauptschulabschluss;männlich;2019;1284
Sachsen-Anhalt;Hauptschulabschluss;weiblich;2019;777
Sachsen-Anhalt;Hauptschulabschluss;männlich;2020;1437
Sachsen-Anhalt;Hauptschulabschluss;weiblich;2020;867
Sachsen-Anhalt;Hauptschulabschluss;männlich;2021;1344
Sachsen-Anhalt;Hauptschulabschluss;weiblich;2021;873
Sachsen-Anhalt;Hauptschulabschluss;männlich;2022;1458
Sachsen-Anhalt;Hauptschulabschluss;weiblich;2022;957
Sachsen-Anhalt;Mittlerer Schulabschluss;männlich;2013;4150
Sachsen-Anhalt;Mittlerer Schulabschluss;weiblich;2013;3880
Sachsen-Anhalt;Mittlerer Schulabschluss;männlich;2014;4299
Sachsen-Anhalt;Mittlerer Schulabschluss;weiblich;2014;3980
Sachsen-Anhalt;Mittlerer Schulabschluss;männlich;2015;4604
Sachsen-Anhalt;Mittlerer Schulabschluss;weiblich;2015;4124
Sachsen-Anhalt;Mittlerer Schulabschluss;männlich;2016;4588
Sachsen-Anhalt;Mittlerer Schulabschluss;weiblich;2016;4145
Sachsen-Anhalt;Mittlerer Schulabschluss;männlich;2017;4518
Sachsen-Anhalt;Mittlerer Schulabschluss;weiblich;2017;4053
Sachsen-Anhalt;Mittlerer Schulabschluss;männlich;2018;4605
Sachsen-Anhalt;Mittlerer Schulabschluss;weiblich;2018;4107
Sachsen-Anhalt;Mittlerer Schulabschluss;männlich;2019;4734
Sachsen-Anhalt;Mittlerer Schulabschluss;weiblich;2019;4125
Sachsen-Anhalt;Mittlerer Schulabschluss;männlich;2020;4485
Sachsen-Anhalt;Mittlerer Schulabschluss;weiblich;2020;4305
Sachsen-Anhalt;Mittlerer Schulabschluss;männlich;2021;4635
Sachsen-Anhalt;Mittlerer Schulabschluss;weiblich;2021;4440
Sachsen-Anhalt;Mittlerer Schulabschluss;männlich;2022;4659
Sachsen-Anhalt;Mittlerer Schulabschluss;weiblich;2022;4395
Sachsen-Anhalt;Allgemeine Hochschulreife;männlich;2013;1877
Sachsen-Anhalt;Allgemeine Hochschulreife;weiblich;2013;2379
Sachsen-Anhalt;Allgemeine Hochschulreife;männlich;2014;2180
Sachsen-Anhalt;Allgemeine Hochschulreife;weiblich;2014;2715
Sachsen-Anhalt;Allgemeine Hochschulreife;männlich;2015;2327
Sachsen-Anhalt;Allgemeine Hochschulreife;weiblich;2015;2820
Sachsen-Anhalt;Allgemeine Hochschulreife;männlich;2016;2303
Sachsen-Anhalt;Allgemeine Hochschulreife;weiblich;2016;2853
Sachsen-Anhalt;Allgemeine Hochschulreife;männlich;2017;2505
Sachsen-Anhalt;Allgemeine Hochschulreife;weiblich;2017;2985
Sachsen-Anhalt;Allgemeine Hochschulreife;männlich;2018;2343
Sachsen-Anhalt;Allgemeine Hochschulreife;weiblich;2018;2907
Sachsen-Anhalt;Allgemeine Hochschulreife;männlich;2019;2403
Sachsen-Anhalt;Allgemeine Hochschulreife;weiblich;2019;2901
Sachsen-Anhalt;Allgemeine Hochschulreife;männlich;2020;2133
Sachsen-Anhalt;Allgemeine Hochschulreife;weiblich;2020;2874
Sachsen-Anhalt;Allgemeine Hochschulreife;männlich;2021;2205
Sachsen-Anhalt;Allgemeine Hochschulreife;weiblich;2021;2778
Sachsen-Anhalt;Allgemeine Hochschulreife;männlich;2022;2211
Sachsen-Anhalt;Allgemeine Hochschulreife;weiblich;2022;2793
Schleswig-Holstein;Ohne Hauptschulabschluss;männlich;2013;1422
Schleswig-Holstein;Ohne Hauptschulabschluss;weiblich;2013;901
Schleswig-Holstein;Ohne Hauptschulabschluss;männlich;2014;1371
Schleswig-Holstein;Ohne Hauptschulabschluss;weiblich;2014;863
Schleswig-Holstein;Ohne Hauptschulabschluss;männlich;2015;1484
Schleswig-Holstein;Ohne Hauptschulabschluss;weiblich;2015;952
Schleswig-Holstein;Ohne Hauptschulabschluss;männlich;2016;1464
Schleswig-Holstein;Ohne Hauptschulabschluss;weiblich;2016;829
Schleswig-Holstein;Ohne Hauptschulabschluss;männlich;2017;1504
Schleswig-Holstein;Ohne Hauptschulabschluss;weiblich;2017;949
Schleswig-Holstein;Ohne Hauptschulabschluss;männlich;2018;1678
Schleswig-Holstein;Ohne Hauptschulabschluss;weiblich;2018;995
Schleswig-Holstein;Ohne Hauptschulabschluss;männlich;2019;1425
Schleswig-Holstein;Ohne Hauptschulabschluss;weiblich;2019;858
Schleswig-Holstein;Ohne Hauptschulabschluss;männlich;2020;1226
Schleswig-Holstein;Ohne Hauptschulabschluss;weiblich;2020;786
Schleswig-Holstein;Ohne Hauptschulabschluss;männlich;2021;1439
Schleswig-Holstein;Ohne Hauptschulabschluss;weiblich;2021;894
Schleswig-Holstein;Ohne Hauptschulabschluss;männlich;2022;1498
Schleswig-Holstein;Ohne Hauptschulabschluss;weiblich;2022;1001
Schleswig-Holstein;Hauptschulabschluss;männlich;2013;3460
Schleswig-Holstein;Hauptschulabschluss;weiblich;2013;2469
Schleswig-Holstein;Hauptschulabschluss;männlich;2014;3204
Schleswig-Holstein;Hauptschulabschluss;weiblich;2014;2371
Schleswig-Holstein;Hauptschulabschluss;männlich;2015;3300
Schleswig-Holstein;Hauptschulabschluss;weiblich;2015;2272
Schleswig-Holstein;Hauptschulabschluss;männlich;2016;3176
Schleswig-Holstein;Hauptschulabschluss;weiblich;2016;2175
Schleswig-Holstein;Hauptschulabschluss;männlich;2017;3149
Schleswig-Holstein;Hauptschulabschluss;weiblich;2017;2204
Schleswig-Holstein;Hauptschulabschluss;männlich;2018;3100
Schleswig-Holstein;Hauptschulabschluss;weiblich;2018;1978
Schleswig-Holstein;Hauptschulabschluss;männlich;2019;2999
Schleswig-Holstein;Hauptschulabschluss;weiblich;2019;2010
Schleswig-Holstein;Hauptschulabschluss;männlich;2020;2654
Schleswig-Holstein;Hauptschulabschluss;weiblich;2020;1926
Schleswig-Holstein;Hauptschulabschluss;männlich;2021;2865
Schleswig-Holstein;Hauptschulabschluss;weiblich;2021;2064
Schleswig-Holstein;Hauptschulabschluss;männlich;2022;2845
Schleswig-Holstein;Hauptschulabschluss;weiblich;2022;2097
Schleswig-Holstein;Mittlerer Schulabschluss;männlich;2013;6329
Schleswig-Holstein;Mittlerer Schulabschluss;weiblich;2013;6332
Schleswig-Holstein;Mittlerer Schulabschluss;männlich;2014;6146
Schleswig-Holstein;Mittlerer Schulabschluss;weiblich;2014;6189
Schleswig-Holstein;Mittlerer Schulabschluss;männlich;2015;6174
Schleswig-Holstein;Mittlerer Schulabschluss;weiblich;2015;6089
Schleswig-Holstein;Mittlerer Schulabschluss;männlich;2016;5912
Schleswig-Holstein;Mittlerer Schulabschluss;weiblich;2016;5764
Schleswig-Holstein;Mittlerer Schulabschluss;männlich;2017;5708
Schleswig-Holstein;Mittlerer Schulabschluss;weiblich;2017;5526
Schleswig-Holstein;Mittlerer Schulabschluss;männlich;2018;5519
Schleswig-Holstein;Mittlerer Schulabschluss;weiblich;2018;5293
Schleswig-Holstein;Mittlerer Schulabschluss;männlich;2019;5150
Schleswig-Holstein;Mittlerer Schulabschluss;weiblich;2019;5121
Schleswig-Holstein;Mittlerer Schulabschluss;männlich;2020;4971
Schleswig-Holstein;Mittlerer Schulabschluss;weiblich;2020;4829
Schleswig-Holstein;Mittlerer Schulabschluss;männlich;2021;5020
Schleswig-Holstein;Mittlerer Schulabschluss;weiblich;2021;4944
Schleswig-Holstein;Mittlerer Schulabschluss;männlich;2022;4884
Schleswig-Holstein;Mittlerer Schulabschluss;weiblich;2022;4810
Schleswig-Holstein;Fachhochschulreife;männlich;2013;-
Schleswig-Holstein;Fachhochschulreife;weiblich;2013;-
Schleswig-Holstein;Fachhochschulreife;männlich;2014;3
Schleswig-Holstein;Fachhochschulreife;weiblich;2014;-
Schleswig-Holstein;Fachhochschulreife;männlich;2015;-
Schleswig-Holstein;Fachhochschulreife;weiblich;2015;-
Schleswig-Holstein;Fachhochschulreife;männlich;2016;-
Schleswig-Holstein;Fachhochschulreife;weiblich;2016;-
Schleswig-Holstein;Fachhochschulreife;männlich;2017;-
Schleswig-Holstein;Fachhochschulreife;weiblich;2017;-
Schleswig-Holstein;Fachhochschulreife;männlich;2018;-
Schleswig-Holstein;Fachhochschulreife;weiblich;2018;-
Schleswig-Holstein;Fachhochschulreife;männlich;2019;-
Schleswig-Holstein;Fachhochschulreife;weiblich;2019;-
Schleswig-Holstein;Fachhochschulreife;männlich;2020;-
Schleswig-Holstein;Fachhochschulreife;weiblich;2020;-
Schleswig-Holstein;Fachhochschulreife;männlich;2021;-
Schleswig-Holstein;Fachhochschulreife;weiblich;2021;-
Schleswig-Holstein;Fachhochschulreife;männlich;2022;-
Schleswig-Holstein;Fachhochschulreife;weiblich;2022;-
Schleswig-Holstein;Allgemeine Hochschulreife;männlich;2013;4381
Schleswig-Holstein;Allgemeine Hochschulreife;weiblich;2013;4986
Schleswig-Holstein;Allgemeine Hochschulreife;männlich;2014;4686
Schleswig-Holstein;Allgemeine Hochschulreife;weiblich;2014;5299
Schleswig-Holstein;Allgemeine Hochschulreife;männlich;2015;7797
Schleswig-Holstein;Allgemeine Hochschulreife;weiblich;2015;9128
Schleswig-Holstein;Allgemeine Hochschulreife;männlich;2016;5261
Schleswig-Holstein;Allgemeine Hochschulreife;weiblich;2016;5851
Schleswig-Holstein;Allgemeine Hochschulreife;männlich;2017;4778
Schleswig-Holstein;Allgemeine Hochschulreife;weiblich;2017;5446
Schleswig-Holstein;Allgemeine Hochschulreife;männlich;2018;4738
Schleswig-Holstein;Allgemeine Hochschulreife;weiblich;2018;5773
Schleswig-Holstein;Allgemeine Hochschulreife;männlich;2019;4604
Schleswig-Holstein;Allgemeine Hochschulreife;weiblich;2019;5418
Schleswig-Holstein;Allgemeine Hochschulreife;männlich;2020;4345
Schleswig-Holstein;Allgemeine Hochschulreife;weiblich;2020;5314
Schleswig-Holstein;Allgemeine Hochschulreife;männlich;2021;4347
Schleswig-Holstein;Allgemeine Hochschulreife;weiblich;2021;5051
Schleswig-Holstein;Allgemeine Hochschulreife;männlich;2022;4207
Schleswig-Holstein;Allgemeine Hochschulreife;weiblich;2022;4986
Thüringen;Ohne Hauptschulabschluss;männlich;2013;714
Thüringen;Ohne Hauptschulabschluss;weiblich;2013;404
Thüringen;Ohne Hauptschulabschluss;männlich;2014;743
Thüringen;Ohne Hauptschulabschluss;weiblich;2014;454
Thüringen;Ohne Hauptschulabschluss;männlich;2015;846
Thüringen;Ohne Hauptschulabschluss;weiblich;2015;440
Thüringen;Ohne Hauptschulabschluss;männlich;2016;1021
Thüringen;Ohne Hauptschulabschluss;weiblich;2016;498
Thüringen;Ohne Hauptschulabschluss;männlich;2017;1043
Thüringen;Ohne Hauptschulabschluss;weiblich;2017;577
Thüringen;Ohne Hauptschulabschluss;männlich;2018;1066
Thüringen;Ohne Hauptschulabschluss;weiblich;2018;561
Thüringen;Ohne Hauptschulabschluss;männlich;2019;821
Thüringen;Ohne Hauptschulabschluss;weiblich;2019;481
Thüringen;Ohne Hauptschulabschluss;männlich;2020;927
Thüringen;Ohne Hauptschulabschluss;weiblich;2020;526
Thüringen;Ohne Hauptschulabschluss;männlich;2021;1039
Thüringen;Ohne Hauptschulabschluss;weiblich;2021;621
Thüringen;Ohne Hauptschulabschluss;männlich;2022;1150
Thüringen;Ohne Hauptschulabschluss;weiblich;2022;706
Thüringen;Hauptschulabschluss;männlich;2013;1340
Thüringen;Hauptschulabschluss;weiblich;2013;944
Thüringen;Hauptschulabschluss;männlich;2014;1401
Thüringen;Hauptschulabschluss;weiblich;2014;928
Thüringen;Hauptschulabschluss;männlich;2015;1394
Thüringen;Hauptschulabschluss;weiblich;2015;1076
Thüringen;Hauptschulabschluss;männlich;2016;1483
Thüringen;Hauptschulabschluss;weiblich;2016;1042
Thüringen;Hauptschulabschluss;männlich;2017;1577
Thüringen;Hauptschulabschluss;weiblich;2017;1033
Thüringen;Hauptschulabschluss;männlich;2018;1491
Thüringen;Hauptschulabschluss;weiblich;2018;1144
Thüringen;Hauptschulabschluss;männlich;2019;1553
Thüringen;Hauptschulabschluss;weiblich;2019;994
Thüringen;Hauptschulabschluss;männlich;2020;1545
Thüringen;Hauptschulabschluss;weiblich;2020;982
Thüringen;Hauptschulabschluss;männlich;2021;1511
Thüringen;Hauptschulabschluss;weiblich;2021;1076
Thüringen;Hauptschulabschluss;männlich;2022;1609
Thüringen;Hauptschulabschluss;weiblich;2022;1131
Thüringen;Mittlerer Schulabschluss;männlich;2013;3832
Thüringen;Mittlerer Schulabschluss;weiblich;2013;3689
Thüringen;Mittlerer Schulabschluss;männlich;2014;3848
Thüringen;Mittlerer Schulabschluss;weiblich;2014;3610
Thüringen;Mittlerer Schulabschluss;männlich;2015;3844
Thüringen;Mittlerer Schulabschluss;weiblich;2015;3613
Thüringen;Mittlerer Schulabschluss;männlich;2016;3980
Thüringen;Mittlerer Schulabschluss;weiblich;2016;3670
Thüringen;Mittlerer Schulabschluss;männlich;2017;3999
Thüringen;Mittlerer Schulabschluss;weiblich;2017;3610
Thüringen;Mittlerer Schulabschluss;männlich;2018;4147
Thüringen;Mittlerer Schulabschluss;weiblich;2018;3885
Thüringen;Mittlerer Schulabschluss;männlich;2019;4046
Thüringen;Mittlerer Schulabschluss;weiblich;2019;3866
Thüringen;Mittlerer Schulabschluss;männlich;2020;4137
Thüringen;Mittlerer Schulabschluss;weiblich;2020;3942
Thüringen;Mittlerer Schulabschluss;männlich;2021;4128
Thüringen;Mittlerer Schulabschluss;weiblich;2021;3917
Thüringen;Mittlerer Schulabschluss;männlich;2022;4455
Thüringen;Mittlerer Schulabschluss;weiblich;2022;4201
Thüringen;Allgemeine Hochschulreife;männlich;2013;2273
Thüringen;Allgemeine Hochschulreife;weiblich;2013;2726
Thüringen;Allgemeine Hochschulreife;männlich;2014;2591
Thüringen;Allgemeine Hochschulreife;weiblich;2014;2991
Thüringen;Allgemeine Hochschulreife;männlich;2015;2601
Thüringen;Allgemeine Hochschulreife;weiblich;2015;3331
Thüringen;Allgemeine Hochschulreife;männlich;2016;2580
Thüringen;Allgemeine Hochschulreife;weiblich;2016;3177
Thüringen;Allgemeine Hochschulreife;männlich;2017;2600
Thüringen;Allgemeine Hochschulreife;weiblich;2017;3116
Thüringen;Allgemeine Hochschulreife;männlich;2018;2675
Thüringen;Allgemeine Hochschulreife;weiblich;2018;3296
Thüringen;Allgemeine Hochschulreife;männlich;2019;2542
Thüringen;Allgemeine Hochschulreife;weiblich;2019;3192
Thüringen;Allgemeine Hochschulreife;männlich;2020;2374
Thüringen;Allgemeine Hochschulreife;weiblich;2020;3090
Thüringen;Allgemeine Hochschulreife;männlich;2021;2384
Thüringen;Allgemeine Hochschulreife;weiblich;2021;3135
Thüringen;Allgemeine Hochschulreife;männlich;2022;2321
Thüringen;Allgemeine Hochschulreife;weiblich;2022;2982
